1,1,success_score,2.831425702,2.685571375,3.556236143,-0.328075699,0.131781401,2.274725605,2.166301449,0.587713706,2.981081179,5.471166684,6.83956354,2.126862199,-0.080377425,0.026193544,1.987643948,1.835846655,3.090085041,2.97470411,4.340189391,4.218503079,3.399612205,0.579093963,-1.040151271,-0.316387523,2.847102234,2.824733074,2.749431578,0.371599531,-0.142583879,3.319403309,0.020144833,2.116011088,2.636128737,2.200323959,2.465450792,2.55064312,3.701701392,2.088144677,0.116010374,2.552211271,3.500843838,0.116038909,0.020176921,2.682415274,3.63485752,-0.227934085,4.19715259,-1.351909453,-0.829330559,4.891780069
2,1,Good,3.522924685,2.901956699,4.751864113,-0.41209046,0.152910661,2.444580054,2.471078951,-0.320324638,4.206832374,6.955528599,5.441403344,0.155692101,0.043001117,-0.033418483,2.146625633,2.223145139,4.976124217,4.728858041,4.789496227,5.165485252,5.315884538,0.66478257,-1.0376124,0.848829871,3.06950225,3.127589837,2.794037839,3.818530182,-0.148634089,-0.235443339,0.072438921,2.165090411,2.434505035,2.527645144,2.702014256,1.00524775,2.384387702,1.258518227,0.24046916,1.533372086,1.376940861,0.240489005,0.072451871,2.61063707,1.704148416,0.480806635,2.314279774,-1.141647361,-0.826165829,-0.685140622
3,1,Good,3.226621903,2.430142431,4.495658119,-0.232858366,0.144899159,1.559189332,1.998382633,-0.210787388,2.470964032,0.219615442,1.503172048,0.469699795,-0.035942881,0.066536844,1.063647833,1.567080803,2.558818456,2.790086708,1.541150543,1.475311324,2.515663278,1.211678374,-1.405048175,-0.496330054,2.572052418,2.472607534,2.715066297,0.117161624,-0.353160708,3.305874678,-0.038850758,2.071921169,2.308053087,1.970055537,4.400554713,3.032822188,3.724865946,0.333830412,0.10348971,2.577141542,2.492521576,0.103537073,-0.03886397,2.487234728,2.981907209,-0.119506584,3.36855387,-1.301649098,-0.820432791,-0.803798509
4,1,Good,3.802690399,4.489163545,4.546899318,-0.243541982,0.272514135,4.221218548,4.131825152,1.161109606,2.994849683,0.585771441,0.772424779,1.236624333,-0.059632466,-0.018558319,4.396827938,3.849523116,2.515159908,2.806597009,0.542223921,0.50205699,2.333266462,-0.858616961,-0.708410763,-0.947783391,4.433404388,4.133684979,2.841759857,-0.504419752,0.12067405,4.140216024,-0.099655928,2.281150072,2.34937298,3.924888846,1.672894186,1.032417379,1.061282874,-0.135235006,0.392926637,0.908217123,0.589215774,0.392897753,-0.099676894,2.64062037,0.859893544,1.218010078,1.546407248,-0.935603909,-0.827502391,0.501438249
5,1,Good,3.298636742,3.929529019,4.632301316,-0.219536151,0.233168176,3.894199924,3.925081177,-0.254914449,3.402589016,5.795937648,4.600439761,0.173662741,-0.084514854,-0.009939177,3.660348681,3.43603719,3.46997669,3.815595503,4.603928131,4.303600057,3.727182737,-0.153711803,0.67326522,-1.492635832,4.073479465,4.11759084,3.119913356,4.553950978,-0.193494184,-0.899937843,0.057951804,1.97019796,2.78002617,3.686937098,1.482367885,-0.883859785,2.819745058,5.295745555,0.444803488,0.948963449,3.031608082,0.444837199,0.057953426,2.663582788,2.493915918,0.114900047,3.09876433,-1.253012486,-0.828511763,-0.15118013
6,1,Poor,2.099585476,2.620647411,2.87302016,-0.280827124,0.173659415,2.725718453,2.50116845,-0.375718867,0.984477545,-0.275120426,0.641169816,0.057083973,-0.056407791,-0.055457197,2.739070201,2.367865214,1.012060948,1.153341856,0.838290166,0.918773104,1.061818174,0.437876581,0.467158034,1.219867879,2.745206716,2.682498015,2.857477655,-0.10518808,-0.244994754,3.748113108,-0.00875657,2.002484465,2.706619063,2.764031136,1.45061217,2.588615131,1.814471539,0.006876932,0.699825028,3.762280175,0.638318169,0.699874656,-0.008739423,2.646567471,2.371768404,0.157748898,2.967902759,-1.238856566,-0.827764983,1.332043458
7,1,Good,3.499470727,3.553036962,4.717703314,-0.122280867,0.248187114,3.256757651,3.168961195,1.612438909,0.36342846,1.647054521,1.035153101,1.43749143,-0.060678687,0.019568712,3.039368939,2.763433416,0.410265361,0.375098539,1.242562166,1.170750123,0.535085671,0.65938701,-0.239185108,-0.633220484,3.672705558,3.341960282,2.685522698,1.868746647,-0.257095175,1.596378722,-0.142534052,2.224900068,2.184911025,3.24017673,1.604735012,2.904502979,2.057018047,-0.43146158,0.386615403,3.633395248,0.763061008,0.386646834,-0.142527855,2.521182762,2.387336224,0.0994249,2.865831932,-1.240711845,-0.82204841,0.620096136
8,1,Good,3.852946514,3.93443736,3.641638141,-0.210538584,0.245206292,3.200139501,3.599920466,0.250016075,4.689071255,3.643037969,5.00345001,1.507034617,-0.002192228,0.005657552,2.706458573,3.234807372,5.340624275,5.065355004,3.233234591,3.022715451,5.230986659,0.575162131,0.299955906,-0.790300452,3.924607617,3.899126476,3.587426981,4.624250222,0.424807789,-0.608901756,0.023253823,2.166218788,3.052022339,3.625584413,1.595879755,-0.786310999,2.485221644,4.099316669,0.493153459,0.617209779,2.297372712,0.493139748,0.023237704,2.926246408,1.837073651,0.55507047,2.688533215,-1.164222686,-0.839248249,-0.269838017
9,1,Good,4.258652055,3.459137054,3.060904555,-0.106949535,0.269755381,2.759884578,2.178919625,0.540241971,0.407394806,4.579284748,3.751177195,0.864061417,-0.061688275,0.106449234,2.559706249,1.615320828,-0.008900017,0.109070424,3.618266318,3.373113431,0.464113005,-0.828484342,0.310385381,-0.684906566,3.15573899,2.964398408,2.890572537,3.215657476,-0.476821103,0.134945557,-0.082869936,2.056835875,2.235243548,2.738230474,2.865866939,4.687878105,2.714141944,-0.774738728,0.351455996,5.075739146,1.776586261,0.351414387,-0.082842588,2.440566506,3.804307257,-0.339414158,4.047828017,-1.362882107,-0.818161903,0.620096136
10,1,Good,4.708966726,6.448121437,5.417999696,-0.336310868,0.185255819,6.346351515,7.162128857,0.530882243,3.588732883,0.049262471,1.632607059,1.25541021,-0.061170787,-0.009799029,6.111656022,7.215298555,3.698896914,3.886644498,1.936376289,1.804971721,3.581520448,0.242313327,0.396101033,-1.149860374,6.703019245,7.106716043,3.068730416,1.053162036,0.728056131,2.955494513,0.161643559,1.887474949,3.374702221,5.737733127,2.656729826,2.217405991,2.335674008,-0.23941842,0.312040928,1.727001208,1.489253136,0.31209043,0.16161731,2.914517403,1.878687633,0.524259477,2.72100755,-1.170911199,-0.838798439,2.04399078
11,1,Average,3.994973185,3.469623055,4.87142691,-0.124773827,0.287170865,2.920953452,3.338821268,1.383327054,0.304859488,3.20826343,2.351415441,1.377447516,-0.057417919,0.042128705,2.562423885,2.841995742,0.320671097,0.285728599,2.507641472,2.297902156,0.603717326,0.692860182,0.348568646,-1.328597407,3.583064735,3.892817835,3.374798249,4.700785689,-0.015381898,-0.979290651,0.207022816,1.895913947,2.968849229,3.227865942,2.108277378,1.0697347,1.444179328,2.731489263,0.434505869,3.413133213,1.381598142,0.434494771,0.207045773,2.712894165,2.681627905,0.06295702,3.325110197,-1.273105619,-0.830638788,0.798082966
12,1,Average,3.946987943,3.690972496,4.324854124,-0.228255226,0.126200214,3.135711951,3.412589071,9.342662285,6.583533332,-0.208465883,2.353599384,9.646813033,-0.139483509,0.015840912,2.868157894,3.314747985,3.394496816,3.760222178,3.079452797,2.865196361,3.455031654,0.136079851,-0.158625591,-0.341978688,3.895105574,3.86623424,2.950039263,0.20197426,-0.060389559,3.303032529,0.021411365,2.020699879,2.488684383,3.499517778,2.425895343,1.826883501,2.12719302,0.218604516,0.427812667,1.893541711,1.250176232,0.427789241,0.021385125,2.546953532,1.807135535,0.388312602,2.359847758,-1.159302649,-0.823255039,2.281306554
13,1,Average,2.874429109,3.644761582,1.455346995,-0.322277101,0.188586776,3.616966225,4.24927126,1.934999099,4.762350145,2.056070034,3.491579191,2.793796253,-0.032204482,0.00539725,3.7228543,4.413242262,4.759231001,4.523952069,2.65128799,2.541913256,4.650485153,0.252486679,-0.357871026,0.39261317,3.837463121,3.890010602,3.137468286,3.374511089,-0.408497997,0.257385348,0.063405763,2.174905663,2.490201414,3.444411049,2.53272437,2.860638759,1.917008757,-0.175083962,0.425672465,2.763809001,1.626985468,0.425629833,0.063430617,2.645245893,2.507088689,0.102361646,3.093570457,-1.254485907,-0.827706701,1.450701345
14,1,Good,4.783016213,3.657116099,4.512738519,-0.133663398,0.166329231,2.767693978,2.397311148,0.503684778,-0.034786119,0.11359118,-0.185816534,0.326927135,-0.057943725,-0.042129882,2.228154702,1.835846655,-0.02329832,-0.071955917,-0.000231535,0.02148825,-0.014459599,-0.607055854,-1.469061404,-1.096161603,3.828612508,3.805499474,3.437683228,-0.403619708,0.279307611,4.276298132,0.024128628,2.222008573,2.760601978,3.706674469,1.832381338,1.554859872,2.248125619,0.405846597,0.607203933,1.904277153,1.041822703,0.607247416,0.02412372,2.812921097,1.675108444,0.601963828,2.439906331,-1.13645357,-0.834790706,1.984661836
15,1,Poor,3.126167025,3.750904454,2.514331769,-0.443880522,0.181654053,4.327621622,3.952258789,0.006613503,4.62613515,1.512059794,3.343653464,1.151343544,0.031707685,-0.007189732,4.623750513,4.156880988,5.35081263,5.08054218,2.861261223,2.685538962,5.194552527,-0.123040955,-1.274894359,-0.460431652,3.964094967,3.710854967,2.886391705,4.765188867,1.701697281,-0.974629526,-0.091284842,2.331445338,2.527374781,3.355098083,2.922082374,0.754174196,3.407375292,3.652816322,0.293405405,3.444033366,1.790290798,0.293451329,-0.091300014,2.763196727,2.967536913,-0.016413186,3.652018711,-1.30037302,-0.832753296,1.154056627
16,1,Good,3.007471469,3.616427069,3.744120538,-0.273975993,0.185507027,3.064451177,3.204874467,0.742224128,4.058725803,-0.266239203,0.765727355,1.124547087,-0.094182999,-0.035632005,2.899410703,3.161758192,3.736476626,4.142921268,0.946207444,1.047235661,3.536229839,0.098804235,0.93133721,0.55561197,3.824073732,3.766421222,3.191660049,1.17267075,-0.459260736,2.736194274,0.006139232,2.328241148,2.686361041,3.849578094,1.783091533,1.255993959,1.484035987,0.27477714,0.70625047,0.686527569,1.460028531,0.706239227,0.006161757,2.842243608,1.320042387,0.884689192,2.111781599,-1.063903361,-0.835968364,2.281306554
17,1,Average,4.296027672,3.38913742,4.563979718,-0.085748981,0.145016557,2.600768053,2.594348833,2.290269899,0.597384404,2.004385235,1.651825756,2.237379864,-0.074350863,0.00331019,2.217284159,1.943352996,0.53897166,0.639552944,1.4052469,1.572473909,0.747958781,0.780872598,-1.467043598,-1.096454504,3.263988794,3.08929741,3.015908815,1.255669212,0.43764604,2.917182341,-0.069230662,2.27360935,3.130548072,2.928945656,2.471353394,2.143098694,2.466485607,0.026081248,0.426124457,1.924067478,1.482356836,0.426084445,-0.069230159,3.034202808,1.976285891,0.523280243,2.918232008,-1.185946531,-0.8432699,2.281306554
18,1,Average,3.067140726,4.20420089,4.495658119,-0.394059199,0.198525536,4.238789698,4.468633411,-0.262253471,3.213242561,0.432565969,1.950589135,0.572171434,-0.034093054,-0.01271672,4.232410982,4.677873255,3.264696248,3.600545247,1.671027009,1.86823217,3.250326184,0.963872746,-1.870430058,-0.870378545,4.441347246,4.362235006,3.242376991,2.985824304,-0.350504518,0.82092671,0.000607309,2.129798664,2.793804143,4.465305452,0.424765633,0.613743226,0.539739751,-0.015688139,0.705481836,0.567993338,0.389326745,0.705443656,0.00060402,2.771539187,0.551530948,1.745052847,1.320001947,-0.815349316,-0.83309873,7.44292464
19,1,Average,2.686804581,3.135465439,3.351271348,-0.356220101,0.155913871,2.593934828,3.191285661,0.092898411,3.844756171,0.608536435,2.130400427,0.925204128,0.007579771,0.01015099,2.264842783,2.967419807,4.389533719,4.170450462,2.126976447,1.974288799,4.225470929,0.319214127,-0.353020247,-0.269026366,3.239479405,3.306495078,3.021735613,0.891927319,-0.30726765,2.813728107,0.07624991,2.022159167,2.775356882,2.980178103,1.791404396,3.140518666,3.371606495,-0.389212085,0.483422083,4.070729593,0.786532706,0.483365585,0.076237577,2.694061679,2.629535583,0.074885141,3.256739008,-1.267718321,-0.829832902,2.637280215
20,1,Poor,2.825487169,3.457658974,3.761200938,-0.395002392,0.184197543,2.938524602,3.265053464,0.411504894,3.51076824,0.646210006,1.173105489,0.734509761,-0.096558603,-0.014257193,2.641235318,3.197593639,3.055038171,3.289299792,0.721961106,0.818649634,2.887756166,-0.061718674,0.530906099,-0.248630653,3.670890048,3.793215239,3.204681837,4.26708471,-0.058028501,-0.404380693,0.102114645,2.093589411,2.923260938,3.629862062,0.225833358,0.458909078,1.08785398,0.288220161,0.659765649,0.197348166,0.752801854,0.659755127,0.102093137,2.814655668,0.599431934,1.702338155,1.387476489,-0.836492421,-0.834860855,9.519437663
21,1,Good,2.847659938,3.121186629,3.590396942,-0.349063582,0.145206907,2.327439054,2.882625643,-0.194316889,3.996642846,-0.095662545,1.440420091,0.552747546,0.073181117,0.013913459,2.128961001,2.858535179,4.681586446,4.447844583,1.875984144,1.721110343,4.449793583,-0.448767867,0.458414998,-0.63913662,3.313007573,3.30482333,2.967082938,-0.268463743,-0.330140396,3.769940814,0.030919839,1.949901435,2.569681132,3.058450082,1.163638915,1.759450447,1.739186738,-0.080502706,0.491540716,2.132805575,0.686539214,0.491548605,0.030889661,2.54348439,1.558948553,0.539085051,2.130632186,-1.114650666,-0.82309359,2.993253876
22,1,Good,4.66770892,4.142679299,1.882356984,-0.253993106,0.184252583,3.933246924,3.946435015,12.85711446,8.625800097,0.616183353,2.314870798,12.54054688,-0.032021132,-0.019795688,3.827483272,3.933598587,5.009604218,4.994731125,2.350676913,2.184739404,4.813264786,-0.014099737,1.34201961,-0.345489384,4.272504785,4.258428019,3.308885552,2.864047872,-0.20161032,1.018967672,0.029780727,2.346982482,2.632667407,3.69756784,2.454217396,2.684199847,2.088698982,-0.910609264,0.341659817,1.700660361,1.522623243,0.341640224,0.029762004,2.826715067,1.887070305,0.477429763,2.658583908,-1.172237883,-0.835346867,0.0268067
23,1,Good,4.171724626,3.754976146,4.136969728,-0.11917184,0.165619952,3.007833027,2.867095579,1.77250572,0.370767781,0.562981823,0.10967093,1.474602396,-0.055539184,-0.034213951,2.703740938,2.491910991,0.361705073,0.403578394,0.257736526,0.330906441,0.386600703,-0.189059841,-0.880717688,-0.024912718,3.881489247,3.658226215,2.985142985,2.459373678,-0.246913114,1.351726511,-0.078431157,2.457018945,2.392217395,3.269810371,2.824532743,2.589597165,2.942040278,-0.23029637,0.283561497,2.132198688,1.69526273,0.283563513,-0.078412507,2.773686752,2.224772254,0.27691244,2.943192472,-1.220547602,-0.833187416,2.162648667
24,1,Good,5.39184064,3.869903832,2.377688572,-0.392258761,0.12717132,3.251876776,3.030161249,3.761345763,3.609602207,5.002654233,5.69022723,4.580971099,-0.060186212,-0.074157235,2.896693068,2.471236695,2.230380844,2.444093861,3.404980852,3.704994492,2.612530349,-0.993000454,1.286449463,-0.96125643,4.020375787,3.77552911,3.133283683,3.914341248,0.49785301,0.468272826,-0.08544106,2.456892096,3.212143654,3.232357765,5.024068565,4.774951854,6.458283335,3.364751582,0.183731299,3.549719366,7.003803077,0.18377613,-0.085420089,3.191718381,6.465207011,-0.555938852,7.864663386,-1.472993996,-0.84877875,3.586543311
25,1,Average,3.059488522,3.514718437,3.624557741,-0.168113814,0.272305599,3.389517451,3.365998879,-0.232804432,-0.246576296,2.992132142,2.307008603,-0.035640277,-0.056691667,-0.005895016,3.099156923,3.192080493,-0.270104907,-0.258592621,1.980305906,2.167657374,0.112785362,1.391779334,2.872171756,-0.723365426,3.686321886,3.523845013,3.484822817,4.822221963,-0.01907105,-0.610038615,-0.0513786,2.413151265,3.026985317,3.864319731,0.864623388,0.931267798,0.744132876,2.369487906,0.812258945,3.292575592,0.942639084,0.812277528,-0.051348743,3.069637617,2.329256279,0.353373501,3.315628243,-1.233710816,-0.844545051,4.595135351
26,1,Good,3.749675245,4.046576216,4.410256121,-0.273235893,0.214160934,3.652108525,3.837724568,0.312714583,3.768589702,-0.101628762,2.460102995,1.50951577,-0.023350133,0.024283089,3.332873587,3.306478266,4.207158083,3.999764388,3.135994533,2.913663774,4.192600106,0.686608822,-1.524694172,-1.768377396,4.1982958,3.824716852,3.335862455,3.46000404,0.019738835,0.317638913,-0.142077498,2.226380148,2.634345288,3.674293042,2.535543017,2.0782844,2.33124549,0.385201957,0.367144601,1.355151913,2.178270975,0.367098509,-0.142044573,2.751302525,2.140945529,0.30737539,2.842458959,-1.209421424,-0.832258239,-0.210509074
27,1,Average,3.797314452,5.00303337,3.932004933,-0.335183989,0.198257588,5.500983968,5.572238572,1.141900597,0.215488906,0.827054782,0.413166185,0.967383737,-0.036797848,-0.009933652,5.504264458,5.639917176,0.14522899,0.192712996,0.577955689,0.540360595,0.20657252,0.402576683,-0.343027265,-1.174540623,5.17889832,4.589097226,3.19557699,1.298869231,-0.279082524,2.255188928,-0.195032554,2.389965133,2.104768456,5.121049704,0.916474517,0.773160202,1.537518855,1.733344939,0.664172605,1.025681682,1.902391971,0.664187596,-0.195044446,2.584701103,1.787975141,0.417794464,2.371877686,-1.156104964,-0.824992361,5.722385278
28,1,Good,3.427723986,3.284082192,2.668055365,-0.097100584,0.179652362,2.550983129,2.563288705,0.15585922,-0.181232077,0.27606676,0.105011852,0.103304317,-0.062052864,-0.005775798,2.24174288,2.089451357,-0.191304704,-0.172769865,0.054371035,0.028395084,-0.171885638,-0.474654545,1.084330432,-0.558276748,3.303703083,3.046401258,2.908048659,3.488804053,-0.385182553,0.215321539,-0.117156448,2.393120531,2.322926703,2.735644544,2.374731021,2.775856425,2.653505317,-0.44970568,0.250202736,2.070120433,1.794766329,0.250149515,-0.117155575,2.697943815,2.258302944,0.228879418,2.907635099,-1.224854368,-0.829999673,0.85741191
29,1,Good,2.514226372,3.74161765,4.529818918,-0.377220167,0.173538273,3.609156825,4.205592955,-0.103339953,3.445141436,0.032761743,0.683756701,0.225554294,-0.097582047,-0.010887645,3.32472068,4.136206691,3.421796261,3.786567677,0.630219477,0.715855673,3.200621148,1.420287272,-0.675250656,-1.178907339,3.90713333,3.736400935,2.932160216,2.457332733,-0.400529427,1.143908555,-0.050923081,2.078697275,2.562377551,3.504031252,1.042945453,1.175467109,0.933196516,-0.249500686,0.423645889,1.153507636,0.486890407,0.423697731,-0.050946008,2.621209694,0.919470395,1.13648944,1.591187948,-0.955113756,-0.826639551,2.637280215
30,1,Average,3.078414949,3.307843024,3.129226153,-0.413501258,0.200800705,2.747194303,2.787504002,-0.202171342,3.258262549,-0.177610495,1.134085711,0.421742643,-0.01099513,-0.010971112,2.460512549,2.389917796,3.792875443,3.613595142,1.536612551,1.412085038,3.607844729,-0.202789662,-0.151471213,-0.808530182,3.52020269,3.140489041,2.670066673,4.185900423,-0.364523298,-0.838888476,-0.177142286,2.09633353,2.184803222,2.84874483,2.777959136,-0.776817996,2.74139436,4.211181809,0.200735619,1.676375274,1.584754026,0.200710435,-0.17716303,2.439823119,1.915511516,0.278276298,2.371649801,-1.176688776,-0.818125252,-0.625811678
31,1,Good,4.816108238,3.007151368,4.786024912,-0.411758809,0.175253164,1.628497757,2.37595731,-0.366484733,1.561914668,5.02652236,3.426060906,-0.257030057,0.006914225,-0.049654557,0.941354229,1.720070596,1.918411137,1.807296233,3.422108077,3.718022386,2.333161151,0.527737627,-1.467410491,-0.260396484,3.203169198,3.059654727,2.881926902,4.527078526,-0.300184477,-0.944502744,-0.052023149,1.997280852,2.644555707,2.119377492,6.367564057,0.181320586,6.161572649,7.626189299,-0.170000788,4.689444951,3.771252741,-0.170025832,-0.051993118,2.611628254,4.921298367,-0.488214783,5.305075953,-1.420436909,-0.826210353,0.679425079
32,1,Good,3.195725372,3.288962645,4.837266111,-0.347021547,0.156049524,2.966833677,2.378869197,1.975978982,4.962879407,1.260374504,2.069395624,2.389935357,-0.005330936,-0.002422701,2.70238212,2.021915322,4.970430672,4.719661492,1.538054837,1.413451601,4.667818297,-0.018735542,-0.377108927,-0.323503844,3.489112076,3.455325144,2.962204646,0.370012129,-0.331616057,3.206285767,0.016797021,2.035366068,2.572704196,3.26270066,1.593020821,2.161102664,1.677528146,-0.688319306,0.521993913,1.706027097,1.003860018,0.522007624,0.016793951,2.599073263,1.547272688,0.576466802,2.160158244,-1.112363307,-0.825644634,-0.329166961
33,1,Good,4.341441247,3.731633638,2.480170969,-0.132689737,0.272982149,3.112283752,2.8175935,0.556229841,3.490095797,2.601337772,3.394757726,1.330482825,-0.094505587,-0.051199576,2.796140549,2.298950893,3.266459015,3.602777107,1.782587271,1.945875689,3.258435126,-0.775123916,-0.274478765,-0.990611268,3.875361899,3.82809707,3.141788256,-0.434120509,-0.351832613,4.111226101,0.011874765,2.081225533,2.656428761,3.518718051,3.193012623,3.523512223,2.365311011,0.565722527,0.452381721,4.883983752,1.580293763,0.452338301,0.011880589,2.670768868,3.575280669,-0.217290959,4.126480645,-1.347873133,-0.828825151,2.459293385
35,1,Average,6.097499098,4.859575952,4.376095322,-0.162020899,0.076237948,2.569530453,2.497285934,0.53610407,2.905032839,0.753392211,1.945202076,1.19132556,-0.050727577,0.06544108,2.11129637,1.842738087,2.27356184,2.5288392,1.779068362,1.64699711,2.274780911,0.279042799,-0.532788014,-0.445108123,3.61597086,3.591136453,3.019485041,1.008941544,0.040988354,3.121362346,0.022401607,2.470230241,2.825159605,3.134128886,4.53921875,9.336175975,8.03040712,-0.910609264,0.347137356,4.211726409,8.764047891,0.347095571,0.022432235,3.002815331,7.970794867,-0.72598703,9.04334711,-1.507525182,-0.842122209,3.111911763
37,1,Average,3.2652925,2.653276723,3.795361737,-0.314548342,0.13364623,1.771019306,1.536363235,-0.403769728,2.068330464,-0.30655086,1.025543753,0.228638013,0.008356108,0.021028577,1.416940465,1.036440531,1.465512463,1.846753055,1.490825113,1.375734479,1.509222194,0.455541134,-0.615612053,-0.006638405,2.824181416,2.92412655,3.004013367,-0.504419752,-0.44775058,4.178755568,0.103658385,2.103886165,2.62411504,2.400468575,3.064639066,1.791202904,2.688252148,0.592128462,0.308896678,1.57260261,1.805388774,0.308908144,0.103623529,2.668621304,2.007421532,0.337401115,2.644578922,-1.190560587,-0.828731618,1.747346062
40,1,Good,4.3645726,4.574808516,3.453753745,-0.353888453,0.190024217,4.408644147,4.938417842,10.08113181,6.904409028,2.142105542,3.550545647,10.15162143,-0.092707843,-0.034793329,3.926676973,4.879103072,3.547517359,3.882196379,2.411308402,2.545819347,3.597620936,-0.157780205,1.124785266,-1.060107841,4.754749718,5.586784484,3.456271102,-0.447046499,-0.096248122,4.210701326,0.390781411,1.672385297,3.286711902,4.335148519,1.501572149,1.154517034,0.961130243,0.078893117,0.461596928,1.176655614,0.749796403,0.461544198,0.390773294,2.73362642,1.105086714,1.015966861,1.833107693,-1.00989163,-0.831516925,0.0268067
41,1,Good,5.113868628,4.757225889,2.770537762,-0.116637147,0.262539429,3.519348725,3.354351332,0.776497236,0.012630571,1.263448169,0.976259443,0.775271568,-0.039532229,-0.065980408,3.23775634,2.868183184,0.043823843,0.070061144,0.931946471,0.849778786,0.155272282,0.512423008,-0.060894374,0.209639518,4.666697466,4.976934902,2.742175673,-0.504419752,-0.185230482,4.11520511,0.170952114,1.866111047,2.828443386,4.007065717,3.095861889,2.315282122,2.136050056,1.119767044,0.322938968,2.773582514,2.086716049,0.32288747,0.170960753,2.622448673,2.815750665,-0.017933701,3.359380318,-1.286360193,-0.826694891,3.823859086
42,1,Average,3.431625802,3.433033605,4.290693324,0.002578843,0.279699805,2.874097052,3.004924895,0.09084051,-0.050588408,0.662580097,0.557524806,0.143286333,-0.062305598,0.029314657,2.619494233,2.666953367,-0.161103126,-0.168464102,0.328827757,0.338878055,-0.09233272,0.25051245,0.442219295,-0.818393078,3.172078583,3.284808553,3.147605955,-0.262567677,-0.246027717,3.881353066,0.105147192,1.976083808,2.704372335,2.761882532,2.468418882,2.140479934,1.099095602,0.191718474,0.358928955,1.976759411,1.593774558,0.358915489,0.10515392,2.628726169,2.077177342,0.284006968,2.676329249,-1.200595841,-0.826974724,2.399964441
44,1,Good,3.326626444,4.090305071,3.812442136,-0.394151797,0.117580033,4.326645447,4.180356601,0.458124541,2.046581741,1.534910087,2.353089797,1.070138935,-0.07259142,-0.0065279,4.309863597,4.154124415,1.546373759,1.890619969,1.386910976,1.529558156,1.644381012,-0.062491528,-0.828291412,-1.59022826,4.274547234,4.089434992,2.811993661,3.502523744,-0.340322457,0.023419619,-0.050563562,2.169151308,2.346860357,4.039711792,3.661087496,8.200289101,6.479403958,-0.910609264,0.548299725,3.377187008,7.846003373,0.54826148,-0.050543273,2.568511773,6.93194224,-0.720940609,7.0852131,-1.485037259,-0.824251574,1.925332893
45,1,Good,4.39352046,3.658566291,2.87302016,-0.208656933,0.201200466,2.941453127,3.017543072,1.414792013,3.876414541,2.604186449,2.261436996,1.552616951,-0.048400894,-0.106638339,2.677923399,2.708301959,3.927343781,3.721839847,2.017914086,1.819565468,3.779164906,0.850667887,1.185125574,0.989395552,3.742602706,3.901134741,3.186322972,4.444873765,-0.007118196,-0.719063462,0.120222678,2.146903735,2.662770647,3.24068165,2.396344692,-0.374511089,2.254257413,3.854941748,0.344488257,2.307728817,1.309951385,0.344481551,0.120216194,2.715537321,2.061310141,0.331131228,2.735297576,-1.198348929,-0.830751266,1.628688175
46,1,Good,3.006132753,5.473062786,4.85434651,-0.274175853,0.195050506,6.676298664,5.296579939,-0.423313812,-0.379300959,-0.353246875,-0.52512845,-0.529035367,-0.046147658,-0.025086892,7.166098648,5.540680554,-0.40033518,-0.365593782,-0.382144947,-0.381761107,-0.41793342,-0.360549762,-0.566879425,-1.738554348,5.752826524,5.601102407,2.92121713,0.689420143,-0.288674321,3.052582333,-0.017058413,2.152436728,2.664817745,5.651295535,0.393899821,0.375436124,1.290884484,0.476902566,0.648120122,0.786138535,0.353190703,0.648162516,-0.017035755,2.720080245,0.640746534,1.565528494,1.380785094,-0.853921713,-0.830944228,8.332858793
47,1,Good,3.543719264,3.386655361,3.300030149,-0.266283533,0.201512425,3.143521351,3.060250748,1.273424893,3.914950601,0.777623393,2.877600065,2.302315195,-0.00498619,-0.006090843,2.838263902,2.719328251,3.962000295,3.784195412,2.926525849,2.724349333,3.946455645,-0.152184521,0.596460387,-0.703524347,3.55787453,3.909659289,2.934171981,-0.504419752,-0.305791989,4.397942122,0.231464024,2.188951192,2.830915636,3.196619438,2.470997493,1.428177388,2.123786468,1.225390781,0.428401259,1.964476824,1.592988805,0.428357506,0.231451489,2.827871448,2.070291575,0.377266344,2.83960015,-1.199623307,-0.835393316,0.738754023
48,1,Average,3.211736966,3.35106989,4.905587709,-0.243702313,0.177515081,2.664219428,2.920480173,-0.398803198,4.077600072,-0.202546223,2.024551998,0.687155175,0.025204948,0.011527346,2.330066038,2.607687051,4.825548788,4.598476096,2.651371531,2.467982232,4.687789394,-0.387458861,0.919303791,-0.563671909,3.52769167,3.451454556,3.057151151,2.858151807,-0.476821103,0.85082612,-0.006759517,2.254202002,2.499740166,3.121243998,2.616721917,1.886787621,2.524396993,0.159071136,0.393524696,0.968130714,2.003328693,0.393579671,-0.00672575,2.700256576,1.824799024,0.452834815,2.497312369,-1.162216602,-0.830098867,-0.566482735
49,1,Average,3.465669022,2.412293918,3.539155743,-0.34676324,0.101248522,1.853994181,1.556746443,-0.356947967,3.299016794,2.01589142,4.42667071,1.191963571,-0.128438373,-0.012218479,1.486240174,0.908259894,3.66628877,3.59719112,3.223894695,3.553391478,3.886335185,0.488217177,-0.146658556,-0.041735501,2.393905466,2.427093858,3.115349569,2.386693332,-0.476525971,1.354796033,0.06100957,2.137256438,2.689312612,1.949756417,4.361720236,4.959247044,6.048815775,1.117366504,0.225719848,5.284994109,3.77480328,0.225714108,0.061014209,2.722971197,5.232355392,-0.50570623,5.776104352,-1.433001181,-0.831066786,0.501438249
52,1,Good,2.845316123,2.82004876,4.119889329,-0.160224798,0.220684089,2.177108105,1.969263764,0.788536603,4.332967091,1.95815088,2.252846821,1.187639275,-0.014452867,-0.014758211,1.872144434,1.547784793,4.696448137,4.459014607,1.486600993,1.583543064,4.48063415,0.046826809,-1.104879127,-0.743400844,2.968968365,3.114173191,3.065454956,0.173741176,-0.428419421,3.45650859,0.130440513,2.059150879,2.619337259,2.896421372,1.375868901,1.361726369,1.793010261,1.056872909,0.623089149,2.491776663,0.927927695,0.62304519,0.130445653,2.637894616,1.904434413,0.377894764,2.52248734,-1.174964446,-0.82738176,3.111911763
53,1,Poor,2.908806331,2.804263982,4.239452126,-0.300260804,0.192474474,2.387961904,2.177948996,-0.390092273,4.023733591,-0.288695001,2.767674943,1.083572609,0.054836134,0.054769453,2.194184257,1.823442077,4.797160831,4.554630633,3.721990268,3.442751172,4.794909607,0.492453799,-0.842776493,0.194370762,2.89294387,2.856082605,3.01565703,2.502006768,-0.175048421,1.193248267,0.010706516,2.209161146,2.534701906,2.827376246,1.805874796,2.045549908,1.428509188,-0.225495291,0.627157414,1.947266983,1.091493802,0.6271367,0.010672385,2.689601354,1.730194577,0.504430934,2.399129491,-1.146223102,-0.829640875,2.04399078
54,1,Average,5.117421538,5.246414568,5.178874102,-0.155362546,0.322397574,4.853779945,4.750115818,0.363226081,0.132681005,1.935040572,2.696551205,1.02671875,-0.054005934,-0.020058157,4.457974739,4.174798711,-0.078302873,-0.054189768,1.469371686,1.62258689,0.197883504,0.495120397,1.010433838,-1.937018371,5.045912187,4.995523804,3.001818756,1.014384066,-0.2069227,2.714821311,0.016446323,2.148653472,2.652501849,4.6376203,3.579264633,3.103856035,2.90422755,1.322852685,0.48072193,3.197337126,3.037971292,0.480751565,0.016471763,2.71140739,3.663598112,-0.225765791,4.260493947,-1.3538225,-0.830575451,2.815267046
55,1,Average,2.705892002,3.139230359,4.615220916,-0.278816009,0.218429402,2.587101603,3.121400374,0.121507928,2.783229491,-0.077345931,2.348576315,1.274798652,-0.048473859,-0.025592002,2.380342297,2.767568276,3.078207445,2.946786852,2.587386185,2.784369891,3.22082531,0.43867483,-0.889788261,-1.117128268,3.327077778,3.25421487,2.958922564,0.167278181,-0.107905844,3.420924881,-0.007246321,2.031251911,2.594004083,3.12904939,1.084802939,1.42032111,1.952777554,1.099122404,0.535507282,1.647752361,1.711491853,0.535532337,-0.007209031,2.607333126,1.984369182,0.321069723,2.571904973,-1.187152628,-0.826017244,0.264122474
56,1,Good,4.015097199,5.181853152,4.512738519,-0.35380324,0.217603969,5.197393544,5.635329456,0.781303418,3.862331029,3.345990957,3.412593259,1.305033279,-0.091102138,-0.029114757,5.37245913,5.832877275,3.539633636,3.918540883,2.618922677,2.429792507,3.523758262,-0.082319577,0.949684016,-0.096218897,5.389724457,5.129592141,3.301265871,2.519581579,3.927436819,1.447222728,-0.061633113,2.374922386,2.716099798,5.401196277,1.346175614,4.388357503,5.58143683,0.63821882,0.699675112,3.20224286,4.166585153,0.69964735,-0.061658748,2.886929463,4.41145225,-0.33246409,5.225175142,-1.396922142,-0.837730125,0.620096136
57,1,Poor,4.195735443,4.08720947,5.144713303,-0.091679973,0.268721733,3.632585025,2.881655014,0.961825332,0.088670238,2.374601623,1.411883238,0.803414937,-0.062540804,-0.024232595,3.302979595,2.591147614,0.084451779,0.106831739,1.542528454,1.682527732,0.351395775,-0.046050044,-0.993248286,-1.325422941,4.150865593,4.424216268,3.063668476,-0.385364582,-0.22772952,3.955021576,0.168267815,1.921925217,2.701076155,3.624619114,2.973630153,2.333613438,2.649758109,0.893636223,0.362166794,2.599073874,2.035557632,0.362211427,0.168302705,2.592795768,2.691507483,0.013447086,3.213752475,-1.274111781,-0.82536035,2.815267046
58,1,Average,2.495537802,4.63923049,4.563979718,-0.228319561,0.219369997,5.626910543,5.726568581,-0.256713437,-0.089754485,-0.027159257,-0.025587928,-0.23817329,-0.053852545,-0.029367428,6.342655051,6.528911918,-0.021583433,-0.057083678,-0.116050486,-0.078276497,-0.025541417,-1.686153058,-0.705657402,-0.831790879,4.880246869,4.887634363,3.154600312,4.114807478,-0.285722999,-0.097314883,0.039743169,2.541505874,2.587748565,4.915913948,1.180061729,0.877583231,1.199929544,-0.101147345,0.711922391,0.506387108,0.722387669,0.71192188,0.039749822,2.926824598,0.739542317,1.578248676,1.583406371,-0.892840351,-0.839270356,11.18064808
59,1,Poor,3.765509391,2.829586559,2.480170969,0.002402752,0.327196482,2.435794479,2.417694357,0.232138804,-0.054263509,1.238577159,1.632024675,0.611728109,-0.076407802,-0.073514068,1.991720402,1.97643187,-0.164864889,-0.144587397,0.994225765,0.959980653,-0.008636422,-0.152872196,0.799450503,-0.222575361,2.775616514,3.037650852,2.865839768,1.357829886,-0.401267258,2.04543831,0.217230473,1.847492005,2.562889366,2.266584617,3.373136084,2.765054043,2.791130021,1.032867514,0.226148748,2.650350653,2.724292168,0.22616872,0.217194684,2.475257928,3.17291239,-0.178058772,3.526729732,-1.317844563,-0.819855578,4.773122182
60,1,Average,3.71251465,4.6840191,2.411849371,-0.223970281,0.216025724,5.017777345,4.717114432,0.067441666,0.162619953,0.733828186,0.699626685,0.166963627,-0.045839513,-0.019482439,5.290930061,4.64892924,0.104831016,0.082034599,0.379082899,0.487241176,0.18436227,-2.006262119,0.850305748,0.051106597,4.826008498,4.648963681,3.100315336,2.339298035,-0.099642143,1.267598892,-0.037672196,2.128393902,2.508359846,4.874579623,1.55888044,1.465822053,1.496299575,-0.086264,0.718971367,0.761650684,1.350738668,0.718968369,-0.037655766,2.625091829,1.286811079,0.786589693,1.936023233,-1.056123167,-0.826812829,1.213385571
61,1,Average,3.971014262,3.833286494,4.410256121,-0.410719868,0.171588881,3.858081449,3.404824039,-0.273951613,3.12585187,0.805279498,3.391045023,1.144957929,-0.057596855,-0.000172964,3.932112244,3.197593639,3.386644213,3.612939917,3.557210978,3.312198914,3.5108758,0.780394615,-1.256660848,0.813973068,4.061451709,4.302819379,3.252408042,0.290982173,-0.294872097,3.518581131,0.155138073,1.811036038,3.182958504,4.005035218,1.192347503,2.115274376,1.448948501,-0.897646351,0.654174971,1.001405198,1.295826915,0.654186128,0.155173557,2.76840044,1.37482914,0.797116218,2.115597517,-1.076319776,-0.832968937,3.467885424
62,1,Good,3.987192089,6.634331619,5.896250884,-0.290821065,0.216259479,7.076530412,6.540926303,-0.426920702,0.547350528,1.546104466,0.72656198,-0.52393128,-0.050645599,-0.009042834,6.948687797,6.392461562,0.465417771,0.625906326,1.160627732,1.031531582,0.554991164,-1.216347062,-0.121742122,-1.411252621,6.949474773,6.578880532,3.158560832,4.623002977,-0.258275704,-0.871743722,-0.073096622,2.092840963,2.766746829,6.273702285,1.246929345,-0.80366028,1.603605965,3.107893856,0.436799978,0.904157608,1.111939725,0.436767832,-0.073096411,2.734369807,1.202984354,0.924085634,1.927521475,-1.035606721,-0.831548237,4.713793238
63,1,Poor,3.600124366,2.785411491,2.377688572,-0.343223354,0.168994872,1.984801631,2.373045423,1.827502323,0.842172383,-0.229376564,-0.126194894,1.658136863,-0.028044789,-0.011581297,1.585433875,1.9226787,0.493487525,0.449254976,-0.007983296,-0.03455789,0.43484347,0.073188831,0.687468821,-0.605084041,2.96420265,2.710768863,3.117908784,1.696740272,-0.356849861,2.788489821,-0.130557958,3.031213171,2.637749496,2.870917426,1.294793749,1.255666615,1.084447428,0.186917395,0.605412332,1.42824115,0.794401493,0.605428967,-0.130526364,3.262009809,1.264956254,1.179855658,2.331559422,-1.050899744,-0.85111007,1.806675006
64,1,Good,3.05839516,4.027667948,3.522075343,-0.225039517,0.187904395,2.978547777,3.265053464,-0.273072773,-0.261329201,0.905217018,0.313578392,-0.382682758,-0.046345738,-0.026601688,2.959198687,3.215511362,-0.338489772,-0.306966155,0.50045505,0.582672782,-0.204148766,0.387491309,-0.250759381,0.662842861,3.4055986,3.063234002,3.149316725,2.080211307,-0.273327446,1.52703028,-0.16212073,2.285004229,2.313655561,3.017629682,1.996507677,1.7270433,1.451673743,-0.435782551,0.397154212,0.970478407,1.218552947,0.397102916,-0.162100756,2.624844034,1.30776776,0.769244031,1.955405839,-1.061052035,-0.82680178,1.332043458
65,1,Average,3.645481605,3.148321945,5.059311305,-0.362360529,0.117346914,2.399676004,2.691411732,0.72078566,3.822443058,0.604545401,2.329139224,1.590295038,0.040621263,0.055287323,1.579998603,1.827576937,4.079907906,3.892307513,2.375641732,2.209428631,3.980293257,0.158846193,-1.232991832,-1.632856149,3.318000227,3.14377545,2.887346176,0.742144576,0.0812739,2.978118022,-0.067367389,2.01092996,2.809529851,3.078849662,2.799429889,3.413851675,2.609560795,0.260854011,0.503621292,3.967506155,1.859938277,0.503595829,-0.067377579,2.704386507,3.284880944,-0.131359311,3.891077322,-1.326721344,-0.830275701,1.450701345
66,1,Average,3.001706476,2.420130531,3.317110549,-0.125406534,0.185839423,1.646068907,2.110004967,0.964035543,4.769884102,1.183086343,1.306471598,1.130927196,-0.014859097,0.001805357,1.259317599,1.569837376,5.131129877,4.876580044,0.697399355,0.788112659,4.750741165,0.488837564,-0.118951887,-0.949459245,2.527345476,2.523275678,3.175319458,1.095001424,-0.476821103,2.710501244,0.031880804,2.240915509,2.647095197,2.32030135,1.730677282,1.862236752,1.263972723,-0.497236362,0.479101356,1.671027248,0.797858789,0.479046769,0.031856224,2.766996263,1.393091391,0.781729718,2.132317014,-1.080349407,-0.832910805,0.086135644
67,1,Good,3.840127288,2.738559146,4.034487331,-0.175637399,0.19856492,1.960397256,1.871230236,0.612221957,3.987927607,0.108326769,0.673419371,0.844531195,-0.056616639,-0.015011319,1.533798798,1.201834902,4.368723891,4.143679847,0.669551826,0.623031924,4.018743834,0.540264599,-1.034295341,-0.690496447,2.861626316,2.772586553,2.660626087,0.116254537,-0.19290392,3.288367038,-0.024835263,1.944181454,2.440227526,2.498004992,2.672772627,1.914611939,2.184423095,-0.009446736,0.366021384,1.437096084,1.514621825,0.366075631,-0.024848806,2.473853751,1.745163635,0.3877246,2.246826699,-1.148818283,-0.819787655,3.586543311
68,1,Good,2.37485148,2.016754153,3.385432147,-0.292657737,0.15403189,1.566022557,1.387856999,-0.302247943,2.628901498,-0.214035986,0.566114981,0.067504817,-0.08039353,0.04134803,1.222629518,0.756648388,2.645685716,2.946371486,0.669235709,0.762250466,2.51027343,-0.884952744,-0.113539722,-0.426883816,2.145407489,2.23249896,2.901894961,-0.126391239,-0.476821103,3.669897159,0.110072578,1.988472511,2.582265359,1.798348729,2.177252691,1.410828107,1.89759141,0.151869518,0.286990672,1.203401933,1.152682657,0.286973105,0.110067282,2.574293676,1.385008099,0.679629504,1.992935,-1.078572375,-0.824516881,-0.803798509
69,1,Average,4.227776883,4.320634545,4.786024912,-0.354888366,0.194100437,3.6218471,3.833842052,0.669022375,4.453339775,5.022134705,3.23838742,0.588582492,0.028775318,-0.010356115,3.3872263,3.602809846,4.867317774,4.629591476,3.976776666,3.425566651,4.814062387,2.253910921,0.057321629,-1.43544414,4.482877045,4.543642344,3.118585101,4.71586601,-0.163833398,-0.938136329,0.063818069,2.146155357,2.738694396,3.364782674,3.667497522,-0.738845986,3.316420351,5.615977524,0.041984751,2.56395289,2.267132822,0.041937117,0.063833351,2.753780484,2.826229006,0.027180844,3.505606714,-1.287360076,-0.832361625,0.679425079
70,1,Good,2.538577427,2.983725196,4.683542515,-0.18243338,0.216013831,2.632005653,2.694323619,0.234908055,3.173827103,4.057333301,2.515502345,0.15126147,-0.088310502,0.057746595,2.470024273,2.434022962,3.081349079,3.38468961,3.195139173,2.992787735,3.194324935,1.312027866,-1.196020735,-1.237051147,3.041815717,3.221307079,3.015454934,4.561434446,0.015902116,-0.995320373,0.150423638,1.871709573,2.776956586,2.728637229,1.583976822,-0.24750126,1.879196029,2.219694242,0.425836818,1.301199746,0.731824353,0.425857139,0.150421289,2.599734052,1.157777798,0.883211759,1.799782091,-1.023979087,-0.825674503,-0.507153791
71,1,Good,4.016981002,3.197377466,3.368351747,-0.225303986,0.18083089,2.100966455,2.20318535,-0.400237145,3.597736881,-0.208843275,0.718262997,0.051979886,0.019370031,0.012820139,1.601739688,1.732475174,4.29259586,4.078266566,1.01999427,0.936339124,3.991963781,0.288523817,0.418965598,0.934746542,3.363387985,3.299459726,3.16916084,1.984627013,-0.343716478,1.712338413,-0.001572274,2.22750474,2.512439259,3.094785573,2.661276186,2.259306141,2.055996082,-0.209171623,0.483847365,1.380082365,1.848157977,0.483820197,-0.001570747,2.68984915,1.935869434,0.385259281,2.594453208,-1.179827738,-0.829651555,0.976069797
72,1,Good,2.557544423,3.848680836,4.307773724,-0.213384572,0.154967966,4.236837348,3.293201705,0.362963131,-0.135895472,0.760242869,0.252355195,0.207938104,-0.051189229,-0.028494543,4.36421631,3.015659831,-0.12084524,-0.09563274,0.397520488,0.467517126,-0.02753024,1.760399191,-0.169234524,-0.708610937,4.032857421,3.919447466,3.245243374,-0.435707911,-0.417499529,4.171024922,-0.019943613,2.078355858,2.742920116,4.039857867,0.41063951,1.19412577,1.222412788,-0.694080601,0.694449052,1.040470533,0.181659438,0.694419309,-0.019935444,2.713059363,0.659308166,1.532971187,1.395000693,-0.86152192,-0.830645822,2.518622328
73,1,Good,3.277972776,3.488949647,3.966165732,-0.259868056,0.154444105,2.556840179,3.36502825,-0.096507609,2.00836069,1.087734528,0.718481392,-0.084058215,-0.082202043,0.022911654,2.078684742,3.091465584,1.990511757,2.203619515,0.788873828,0.918693388,1.949862143,1.230841235,0.786069373,-1.220059013,3.657046782,3.415474306,3.141205514,3.547424551,-0.100822671,0.111071503,-0.094907561,2.202919418,2.494011187,3.341996041,1.442769499,1.921158838,0.935240447,-0.733929557,0.467655303,1.768465676,0.579476032,0.467681463,-0.094924626,2.664904366,1.299385087,0.799377231,1.974088796,-1.059089753,-0.828569486,0.976069797
74,1,Average,2.531341157,4.279276195,5.008070106,-0.408273662,0.180913125,3.519348725,4.753027705,-0.378057668,3.533160105,-0.318193254,1.396741235,0.435353542,-0.018168527,-0.037811248,3.195632987,4.738517857,4.182399724,3.985107632,1.959102633,1.817954063,4.017183161,0.46966603,-1.484991466,-1.367984196,4.548916233,4.813563221,3.040608289,3.972734975,-0.313760559,-0.538871197,0.153904577,1.840595511,2.624894596,4.389266876,0.604529262,0.592138461,0.956020415,0.262294335,0.600284874,-0.097574314,1.144334414,0.600314579,0.153884806,2.502515473,0.705113484,1.31073703,1.330375269,-0.879697236,-0.821163735,11.18064808
75,1,Poor,2.775388526,3.450631123,4.47857772,-0.242817583,0.140944156,3.334851651,3.237875853,0.227289134,3.528671232,7.172181357,5.293987203,0.511418619,-0.095900443,0.086052948,3.259497425,2.952258656,3.441439727,3.780227012,5.718328085,5.353541316,3.850254968,2.94555445,0.592541528,-1.006580056,3.398336559,3.508281829,3.259317329,3.004532974,-0.373967529,1.732574516,0.099536996,3.181201231,2.815545495,3.252296921,1.505393044,1.697254912,3.491517128,2.412217509,0.57769134,1.509045329,3.443811564,0.577697621,0.099515636,3.447526315,3.056453118,0.195597201,4.487993741,-1.308135966,-0.856920454,1.450701345
76,1,Poor,4.577941288,4.115767089,3.487914544,-0.057499693,0.034871458,2.481674704,2.496315305,0.367735016,4.45004531,1.45246104,2.078932175,0.88422965,-0.064339097,-0.053753932,2.228154702,2.133556522,4.994518919,5.029185032,1.365827885,1.359199075,4.699211315,0.946263761,-1.371808944,0.384518138,3.023433675,3.384655511,3.567418093,0.788065856,-0.122810021,3.439683067,0.267988691,2.053315397,3.480196339,2.33301047,4.077059327,4.847622426,4.960422385,-0.910609264,0.110543112,3.707367892,2.943630954,0.110583562,0.26801979,3.073189357,3.865680395,-0.164335569,4.922183396,-1.3666813,-0.844671683,-0.685140622
77,1,Good,3.719175315,5.948084209,4.751864113,-0.409756315,0.19160169,7.762781435,6.961208656,-0.346958076,3.18045541,6.374454615,5.164188201,0.180432745,-0.057533896,-0.060911851,8.198800189,7.54470901,3.802802634,3.732136238,4.377781482,4.678078005,4.174700699,1.115038148,-1.096931594,-0.340136586,6.307011054,6.161123324,3.142523101,4.730266017,-0.17622895,-0.972583179,-0.010509303,2.175906776,2.673290474,5.322022064,3.248958953,-0.141114161,2.793173952,3.351788669,0.280241531,1.691651645,1.641671757,0.280267574,-0.010511455,2.739243126,1.961017452,0.394700047,2.659068378,-1.183652406,-0.831753213,3.527214368
78,1,Average,6.723475769,5.267275017,2.770537762,-0.403588831,0.121493696,4.109934598,4.70061374,-0.366289022,2.882627848,2.417745095,3.579009702,0.643132423,-0.062631367,-0.085260869,3.149433182,4.019052345,3.422482395,3.495249053,2.059270092,2.275063483,3.456597507,1.11052727,1.947775982,-0.640362433,5.519533446,5.235772299,3.16015304,4.378429641,-0.476821103,-0.504992778,-0.068164373,2.292517085,2.692275087,4.698115172,4.045274656,4.81063245,5.131090645,-0.615823014,0.30129399,4.590229765,2.477752768,0.30129339,-0.068183049,2.822667735,4.015670356,-0.271426594,4.744723064,-1.375602187,-0.835184083,4.179832747
79,1,Average,3.450123447,2.530679754,4.119889329,-0.198045468,0.173854331,1.863755931,1.930438604,8.336966311,5.758801286,1.088384709,2.434696461,8.367955643,-0.047786226,0.054669184,1.408787558,1.312097815,3.302952014,3.232800299,1.792152409,1.965406143,3.295765263,0.252689103,1.016315762,-0.468619244,2.631510381,2.595497851,2.975831242,1.026629741,-0.019808881,2.741423829,0.008868785,2.140042974,2.718576412,2.106807422,3.244418562,3.939567617,2.610242105,-0.115070474,0.188213208,4.542273185,1.781878543,0.188208599,0.008900353,2.739656119,3.531271639,-0.184706179,4.168520348,-1.344828594,-0.831770561,0.738754023
80,1,Good,4.038203463,3.007486028,4.188210927,-0.117459031,0.1632478,2.533411979,2.393428632,0.705542899,2.716552658,2.449723694,2.341369304,1.000772973,-0.055482829,-0.010161394,2.089555285,1.925435273,1.670951446,2.094986745,1.595251076,1.745936226,1.790419659,1.012828442,-1.377995426,-0.460203908,3.098777354,3.108077063,3.202222486,2.736828919,-0.346077535,1.088884545,0.041439347,2.252974908,2.667127057,2.668516288,2.248591076,2.780111909,1.885327822,-0.268224894,0.335216868,2.760859305,1.429827489,0.335162,0.041441308,2.784837566,2.375360978,0.213560389,3.099527738,-1.239286074,-0.833646342,0.0268067
81,1,Good,2.810019424,3.863461635,3.317110549,-0.388529093,0.179189534,4.828399395,3.352410074,-0.428487456,3.17044076,0.206046001,1.059831655,0.060096802,-0.069660703,-0.025872376,5.134666012,3.068034715,3.219142223,3.584963181,1.00415461,1.068349049,3.068243574,-0.561392027,-0.314065719,0.127687738,4.104570079,4.085674398,3.104970866,3.531550528,-0.412039583,0.090153284,0.027091757,2.232354712,2.405026609,4.044686911,0.778478438,0.897878617,1.20095151,0.486984832,0.652503627,1.019139198,0.903360519,0.652481332,0.027103956,2.638142412,1.124845871,0.937375859,1.7930227,-1.015243987,-0.827392734,5.366411617
82,1,Average,4.905808299,3.351320884,3.573316542,-0.26897885,0.157097426,2.346962554,2.392458003,-0.026791656,4.415709366,3.580905165,3.94234499,0.759746636,-0.006576897,0.042927147,2.041996661,1.819307218,5.130538849,4.864653391,2.397078787,2.585916565,5.036689707,0.262532232,-0.69813053,-1.646292686,3.370876965,3.552350321,2.999342176,0.349262513,0.231938892,3.734925535,0.141729343,2.030004374,3.30290765,2.973937732,2.23245254,2.982738415,0.958405001,-0.468909996,0.387500547,3.270817452,1.120656948,0.387556059,0.141722221,2.968041311,2.435536591,0.262573603,3.330692242,-1.246359976,-0.840830246,3.942516973
83,1,Average,3.751387611,2.946550091,2.548492568,-0.341124933,0.125305388,1.974063706,1.993529489,-0.341028145,2.397868897,0.778149836,0.860219281,-0.138572701,-0.026720658,0.019049936,1.5568987,1.522975638,2.700531926,2.634977825,0.537890519,0.519594541,2.50609552,1.12033643,-0.10042358,-1.489829426,3.131910417,3.076775591,2.894957149,0.26410972,-0.306087121,3.239595756,0.001234262,1.98249584,2.534442871,2.519657848,2.669359121,3.16605157,2.458650538,-0.580775137,0.192087331,2.743160656,1.683088136,0.192072803,0.001248395,2.546127546,2.533434231,0.052698925,3.022462216,-1.257402962,-0.823216626,1.925332893
84,1,Good,3.201213032,2.671766666,4.239452126,-0.075081854,0.243564879,2.06875268,2.024589616,0.567957521,3.181452937,0.768593903,1.654446488,1.074108781,-0.101553409,-0.008116391,1.74985083,1.386525282,2.911807163,3.23664292,1.20351697,1.311574376,2.835029915,0.554028801,-0.670211863,-0.888925492,2.799898965,2.702834803,2.889859767,1.460444105,-0.450997035,2.180156187,-0.031608719,2.227231265,2.430493753,2.501381131,2.253269553,1.927705736,1.803229917,-0.092505403,0.417331294,1.674779558,1.267755919,0.417333159,-0.031614748,2.647889049,1.705345941,0.498869568,2.343775029,-1.141859436,-0.827823225,3.467885424
85,1,Good,3.43225124,3.726808962,4.512738519,-0.150974846,0.327233226,3.278233501,3.334938752,0.800378835,0.70510424,1.917081034,1.533601651,0.860977698,-0.053055585,-0.008244836,3.097798105,3.061143283,0.349980127,0.41680087,1.461812228,1.348403232,0.501346464,-0.271983487,0.914881422,-1.401704058,3.686321886,3.428737299,2.916669124,4.508029698,-0.216514496,-0.968149426,-0.102555937,2.206048315,2.324751731,3.331442156,1.954325808,-0.793839932,1.147468642,3.488139312,0.441692734,0.980942647,1.424319509,0.441654913,-0.102576583,2.580571172,1.449075668,0.63555157,2.056273544,-1.092377901,-0.824803996,0.204793531
86,1,Average,4.577607984,3.786545702,3.880763735,-0.086304161,0.201138681,3.017594777,2.848653628,2.630015071,1.049841841,5.19753811,3.213781664,2.294375504,-0.067335619,-0.039882145,2.910281246,2.402322374,0.655197175,0.749225103,3.5434603,3.729911479,1.181370257,0.882617161,-1.355989211,-0.972586754,3.963414151,4.072163397,3.056834306,4.415733595,0.003801696,-0.87151635,0.090991316,1.966385422,2.627797887,3.635071309,1.640519161,0.047763858,1.681616008,2.611462288,0.475994854,1.857190164,1.07425033,0.475978136,0.090977663,2.583544722,1.672114632,0.486923026,2.264095946,-1.135912501,-0.824939661,7.561582527
87,1,Average,3.962380878,4.269877838,4.939748508,-0.204823045,0.226441473,4.125553398,4.486104733,1.34288991,0.217031186,-0.04446201,0.493899271,1.464996788,-0.036737571,-0.013010194,4.048970576,4.407729116,0.304537922,0.274794535,0.700230803,0.594425219,0.347735788,0.452008845,-1.132124537,-0.823969433,4.426596225,4.566984004,3.025776178,2.048349876,-0.378394512,1.744056799,0.100328537,2.209596274,2.670871434,4.015734371,1.796279503,1.527035554,1.397509565,-0.304232987,0.449881747,1.215396669,0.873524966,0.449837933,0.100321105,2.759314591,1.206876309,0.935577492,1.947188057,-1.036588748,-0.832592046,-0.803798509
88,1,Good,3.877193335,2.661280665,3.914924534,-0.148164953,0.204835047,1.992611031,2.031384019,0.617568815,3.606110861,0.230181158,1.511471031,1.219079034,-0.088435338,-0.026315366,1.543310522,1.522975638,3.334130025,3.693962565,1.230384611,1.400936167,3.238132558,0.774546521,-0.434101468,-0.999753737,2.790367536,2.743688127,2.979407615,3.774196305,-0.231123541,-0.18121513,0.003005155,2.034350913,2.61057008,2.414528287,2.901972718,2.597780788,1.935404138,-0.321996979,0.34738288,1.628839038,2.015120954,0.34743653,0.003020427,2.617740552,2.175074982,0.232318048,2.758083949,-1.214014761,-0.826484404,3.942516973
89,1,Good,3.397647376,3.150943445,3.453753745,-0.258930104,0.146912571,3.082998502,2.605025752,0.074844682,3.753456161,1.424461739,1.241244505,0.218713399,-0.052567364,-0.031472258,2.923869424,2.195579411,3.706976188,4.079132399,0.868364528,1.25984999,3.586022922,1.024900868,-1.063638685,-0.172276056,3.313915328,3.463832625,3.109052584,0.257760111,-0.476821103,3.453552755,0.124623841,1.914068263,2.915073691,3.355339236,1.085583088,2.0556976,2.106413052,-0.658552617,0.718295286,2.151201582,0.536547987,0.718286451,0.124646275,2.696952631,1.469433586,0.684475416,2.156921466,-1.096634553,-0.829957125,1.569359232
90,1,average,3.108311655,2.816479058,4.666462115,-0.230664216,0.061745055,2.557816354,2.329367119,0.103497802,3.189721915,-0.155138531,6.45184089,3.281768251,-0.097199367,0.072000293,2.109937552,1.873060389,3.039234103,3.398933925,7.856960974,7.487730244,3.809964039,1.182364172,-0.221531839,-0.185059849,2.922445912,2.78875268,3.430107907,4.267538254,0.794165746,0.111298875,-0.053278509,2.401472876,3.276821669,2.595347015,3.568819161,2.166012838,7.25132866,6.974202772,0.403660381,1.216949394,8.630006242,0.403694793,-0.053281869,3.189653415,6.329886727,-0.541243853,7.715552757,-1.469229503,-0.84870912,0.738754023
91,1,Good,3.91410555,2.844562576,4.888507309,-0.274379785,0.116864391,2.11756143,2.091563016,-0.276363385,3.61445859,1.826214689,1.483443765,-0.107700063,-0.064742049,-0.082421908,1.449552093,1.357581267,3.979229498,4.204732762,1.153089354,1.26686501,3.78984965,0.681289661,0.189883824,-0.28788251,3.017306327,2.909850588,2.825392231,1.483801595,-0.173867893,2.06465124,-0.033774601,2.115934874,2.437314684,2.449097449,4.252162018,4.274441471,4.553680067,-0.109789287,0.21129296,4.747261101,2.089734878,0.21128017,-0.033789514,2.580984165,3.840831759,-0.305096727,4.261354874,-1.36515386,-0.824822852,-0.803798509
92,1,Good,3.792035505,3.218098473,3.949085333,-0.218010809,0.145795414,2.350867254,2.839917967,0.701805707,4.462225645,3.106500911,4.069668856,1.630277054,-0.034791601,-0.005345431,2.012102669,2.326516621,4.835964502,4.612313821,2.735447409,2.452767837,4.679709801,0.249652818,0.129019614,-0.336234662,3.151200215,3.23961557,3.008909025,2.502460312,-0.096985953,1.223716107,0.090463283,2.174915786,2.621228787,2.904712078,2.717280268,2.452439644,2.40584898,-0.08866454,0.48805894,1.709252148,1.971041014,0.48802536,0.090494381,2.712068179,2.18764899,0.267663183,2.852906746,-1.215684866,-0.830603607,1.332043458
93,1,Good,3.232230977,4.213264588,3.949085333,-0.339623465,0.173811003,4.294431672,4.500664168,-0.408551041,3.631757816,-0.338199053,0.196227864,-0.169764345,0.043133286,0.009758521,4.275893152,4.716465274,4.322176111,4.11264247,0.558143902,0.464784001,3.945903194,0.356146674,-0.859042635,-1.137506102,4.212139066,4.345594139,3.32796941,3.028684165,-0.109676638,0.806374905,0.09991498,2.22816082,2.712315953,4.217474977,1.61592536,1.285455002,1.533771648,-0.23029637,0.693929553,0.732967166,0.987454304,0.693964697,0.099918371,2.792188843,1.032037711,1.127569862,1.797881948,-0.989341558,-0.833947472,-0.329166961
94,1,Average,3.941120172,4.394566429,4.359014923,-0.285324913,0.14798425,3.786820674,3.944493757,-0.290701158,3.669663858,0.886222196,2.05964068,0.457116803,-0.037258811,-0.020564885,3.483702365,3.335422281,4.274955505,4.087728325,1.526479966,1.535417292,4.080621778,-2.766487103,0.443221362,-1.610914477,4.442028062,4.479071308,3.120220085,4.353031205,-0.465310947,-0.653352971,0.053275854,2.126548165,2.650435536,4.362493304,2.731317541,2.713333545,2.472617401,-0.425220177,0.644842793,1.387271473,2.267302434,0.644866577,0.053281705,2.696374441,2.216389582,0.247396211,2.866392021,-1.219458349,-0.829932296,-0.210509074
95,1,Poor,3.248461568,2.124402992,3.624557741,-0.218609412,0.111331127,1.371763733,1.710105824,-0.324943724,3.507539401,-0.19402226,2.074637087,0.775909579,0.059876266,0.054572875,0.842160529,1.188052037,4.15527018,3.948477443,2.82478831,2.579584826,4.092026435,0.678127752,-1.864819922,-0.473843016,2.192383819,2.15336474,3.124915904,0.616059481,-0.13874716,3.295870312,0.001152256,2.283560376,2.744039032,2.031897864,3.000694995,2.873077866,2.572429377,-0.088184432,0.500470741,2.998796852,1.541814185,0.500527196,0.001167848,2.843399989,2.572653163,0.15518268,3.348519035,-1.261673297,-0.836014452,3.942516973
96,1,Good,3.132232304,2.965012146,4.05156773,-0.205263262,0.2671444,2.722789928,2.262393719,0.631662082,2.267980327,2.676667858,2.606354366,0.990281239,-0.045941315,-0.044111596,2.327348403,1.674587144,1.088676537,1.578763166,1.756685857,1.831801895,1.267870244,-0.996218021,0.640640449,-1.494384624,3.008682653,2.803522305,2.930410639,0.638169727,0.22028117,3.210378462,-0.097116747,2.262926441,2.679406393,2.875066075,2.011649139,0.763339854,1.807658435,1.016063737,0.573067098,0.990804184,1.238866033,0.573037846,-0.097099392,2.797392556,1.331718253,0.84900847,2.09326994,-1.06659161,-0.834159954,-0.447824848
97,1,Average,3.615546025,2.888291431,4.632301316,-0.133312217,0.21405618,2.790146003,2.18377277,1.135551882,0.144100875,1.002733784,1.461968327,1.418457438,-0.053657153,0.066330231,2.427900921,1.579485381,0.143741085,0.196152927,0.791364254,0.889238274,0.278513701,-0.185936257,-0.529442559,-1.538943018,2.926530811,2.67624453,3.05412249,3.564659204,-0.359948749,-0.031604392,-0.130414724,2.22549266,2.287355899,2.661664034,2.055019067,3.339871723,3.049687324,-0.582215461,0.457324962,1.036650925,3.261987494,0.457339035,-0.130445817,2.573798085,2.691507483,0.006183795,3.194645828,-1.274111781,-0.824494173,4.595135351
98,1,Good,3.221595392,2.852650183,3.846602935,-0.075745607,0.242271695,2.424080379,2.0207071,0.224259986,-0.130010407,1.745128924,1.134740894,0.20173522,-0.056775,0.007240773,2.074608289,1.494031623,-0.132334241,-0.147204396,1.322003249,1.347036669,0.088125338,0.074953148,0.169726504,-0.863841316,2.857768357,2.697075737,2.88917697,4.557919484,-0.372787,-0.997025663,-0.073401499,2.145711017,2.429706126,2.765081289,1.324128334,-0.271724784,1.269763862,2.484233694,0.602562782,1.455427704,0.827009778,0.60258764,-0.073418598,2.595934516,1.300582612,0.758314956,1.929571254,-1.059370831,-0.825502611,0.323451418
99,1,Good,2.843491522,4.108934456,4.786024912,-0.205829125,0.188017249,4.019150323,3.842577713,0.378275671,-0.113090079,1.516497369,0.941898742,0.318243098,-0.048294326,0.011711717,3.644042867,3.52424752,-0.115584242,-0.08035196,0.933761049,1.041017802,0.069493935,-1.612572129,1.962353948,-1.566260211,4.125448448,4.117665222,2.978918065,3.624640333,-0.320105901,0.07560148,0.032540177,2.227829923,2.52288849,3.910921278,1.83412512,1.648153174,1.810724332,-0.157319969,0.555751027,0.968487221,1.373801088,0.555762581,0.0325006,2.695383257,1.409257973,0.728987968,2.098643519,-1.083872528,-0.829889713,5.485069504
100,1,Good,2.946906047,2.996525926,3.932004933,-0.274640143,0.170939551,2.985381002,2.759355761,0.345658123,4.236259433,0.578182288,2.551027815,1.368550808,-0.007984031,-0.001561736,2.707817391,2.347190917,4.767172663,4.521884991,2.693142639,2.499458718,4.638414103,-0.354500682,-0.408026222,-1.117231951,3.119882661,3.171467838,2.838847178,0.94442498,-0.475345442,2.466985893,0.0678827,2.024625127,2.35326254,2.777221086,2.993982463,2.183689464,2.222576478,0.149949086,0.408313037,1.683066824,1.84471036,0.408354568,0.067860697,2.480379042,2.090649494,0.210851998,2.561748065,-1.202487451,-0.820102853,0.798082966
101,1,Good,3.19239448,2.545293224,4.905587709,-0.287836971,0.227072167,2.14684668,1.789697401,0.073868345,3.607777782,2.172324039,2.296889668,0.49479489,-0.138210934,0.076291026,1.453628546,0.990957079,3.521188148,3.898331291,1.398806677,1.617707123,3.446518732,-0.972195274,0.924974326,-1.11804922,2.69369161,2.635725286,3.267560982,4.217988626,-0.175786252,-0.448263478,-0.006177242,2.257698631,2.587083222,2.676138301,1.180271833,1.948983156,1.28407138,-0.145317272,0.666173228,2.001389646,0.990981399,0.666119698,-0.006161921,2.747007396,1.691873789,0.557522677,2.40632198,-1.139464044,-0.832078726,5.959701052
102,1,Poor,4.063134939,4.028922922,4.136969728,-0.204845224,0.156953732,2.696433203,3.452384859,0.388431658,4.219498347,3.12378977,3.904489981,1.261471313,0.015059221,-0.010577605,2.332783674,3.156245046,4.729706013,4.486580852,2.301285423,2.365034533,4.623580798,-0.527455397,1.304784388,-1.16328379,3.852441081,3.75917476,2.927819597,0.000374171,-0.43225614,3.780058866,-0.012048502,2.239268196,2.609291586,3.646338712,2.573345952,2.73493831,1.890096995,0.064009772,0.551551214,3.136575351,1.386062831,0.551557418,-0.012041846,2.746677002,2.541218141,0.129396292,3.223818087,-1.258257311,-0.832064901,3.527214368
103,1,Average,2.017813698,2.319955756,4.017406931,-0.343209126,0.168179794,2.503150554,1.923644201,-0.39627065,3.041536591,-0.264438931,1.273858052,0.342664737,-0.030199985,0.026070619,2.271636872,1.534001929,3.533803659,3.402838948,1.495902463,1.640392059,3.450078587,0.337033869,-0.057801745,0.361188499,2.437250776,2.463983088,2.714063187,1.041143133,-0.476821103,2.302368606,0.05563872,1.90446286,2.405903574,2.303665393,2.068575453,1.371219371,1.079678255,0.263734659,0.545655202,1.257163198,1.161257582,0.545647459,0.055617565,2.431232862,1.418538789,0.574871276,1.924934902,-1.085876645,-0.817700619,1.688017119
104,1,Good,3.784626232,5.003535359,5.332597698,-0.359077236,0.205379771,5.450222868,4.91124023,1.036630276,4.306926376,0.770538263,3.081507527,2.189174596,-0.064816102,-0.00584004,5.161842368,4.749544148,4.578069314,4.342470386,3.161718883,2.95652828,4.535464893,0.836595444,-0.6157185,-1.952327986,4.770181555,4.737482369,2.698896748,1.255782597,-0.43638799,2.25655316,0.022751944,1.977644272,2.556495271,5.244073276,1.670295609,1.990883306,0.368390181,0.385201957,0.952358723,2.331132793,1.291126996,0.952411746,0.022754423,2.55430481,2.06101076,0.258332784,2.597988917,-1.198306335,-0.823596158,3.942516973
105,1,Poor,3.423611812,3.905266197,4.546899318,-0.143568249,0.242020125,3.827820024,4.00855527,0.274369879,3.52112415,1.406774904,2.701501475,1.11628839,-0.088635546,-0.040694241,3.612790057,3.948759738,3.401968129,3.746134844,1.962793695,2.08828857,3.396154209,-1.453283201,0.547969043,1.317052482,4.085507221,4.205092352,3.190882203,-0.368810244,-0.334567379,3.946608814,0.094863977,1.956317855,2.670086945,4.083584224,2.373487958,1.565334909,1.67582487,0.31366588,0.688953568,1.278624299,1.460395536,0.688963963,0.094843915,2.598742869,1.627207458,0.523253102,2.233956686,-1.12766702,-0.825629695,1.688017119
106,1,Average,4.230643224,3.352464305,5.178874102,-0.162225624,0.184793838,3.122045502,2.612790784,0.407369158,4.173152698,3.026236139,3.650206238,1.185937913,-0.014110803,0.027861995,2.868157894,2.181796547,4.636290674,4.411620009,2.359607234,2.362848033,4.529940385,1.061264368,-0.369241153,-0.456440455,3.44508595,3.204650388,2.888107557,4.536262782,-0.323795054,-1.04056739,-0.101707994,2.013064549,2.501230819,3.081467899,3.411247509,-0.561752384,2.967589418,4.547257339,0.418382313,1.621502132,2.243020867,0.418356037,-0.101690567,2.548522906,2.32177175,0.137800161,2.831359654,-1.232792626,-0.823327976,0.204793531
107,1,Good,3.291410628,3.231010756,3.385432147,-0.236947145,0.16877844,2.971714552,2.355574102,-0.337954015,3.640683061,-0.286738694,0.508022102,0.030429295,-0.003897073,-0.007678897,2.782552371,1.851007806,4.304987019,4.096074641,0.436619175,0.556207024,3.976605648,-0.037786643,-0.265606776,-0.947619575,3.410137376,3.224554969,3.062633666,2.693288742,-0.176966781,0.885159284,-0.071331292,2.121064165,2.478251135,3.470865062,1.416250121,1.143059962,1.605990552,0.079853333,0.732422832,0.847499982,0.993207873,0.73237943,-0.071324378,2.605102963,1.095207136,0.944814483,1.745093174,-1.007183357,-0.825916801,2.04399078
108,1,Good,4.512802323,4.037177859,3.897844134,-0.237256508,0.194268602,3.618918575,3.259229691,0.879162106,3.830029516,1.873184229,1.943600518,1.145176105,-0.005609212,-0.015144167,3.365485215,2.950880369,4.015789348,3.835887973,1.283269507,1.378968677,3.836973705,1.126362325,-1.137813018,-0.550449738,4.219628046,4.193149396,2.849540997,4.137484653,0.389834622,-0.139606065,0.023780695,1.84222872,3.427088285,3.853404048,3.464303305,-0.883859785,3.18356482,6.287648475,0.465667864,3.04397294,2.323740448,0.465635708,0.023801533,2.912617635,3.112437395,-0.009840464,3.957949276,-1.31286596,-0.838725338,0.916740853
109,1,Good,3.603286006,3.456125118,2.360608172,-0.296885377,0.199369395,2.885811152,2.605025752,0.457026631,3.42784221,0.387072578,2.689053001,1.596533367,0.008940703,-0.008524482,2.668411675,2.064642201,3.743472396,3.561847979,3.141751949,2.868066142,3.760625002,-0.133487583,0.395838796,-0.693116993,3.621417391,3.576089962,3.050985094,1.47076222,0.37478288,2.495748444,0.011216918,2.216692702,2.907952979,3.307255026,3.140984312,2.157174525,4.81155606,3.50926406,0.466137448,1.981208477,4.746041383,0.46609032,0.011236213,2.8846993,4.1611696,-0.284092898,4.972471115,-1.383794189,-0.837643125,1.332043458
110,1,Good,4.635055788,5.76262701,5.161793703,-0.346160608,0.176652419,5.301844269,5.465469383,-0.229826115,2.629334635,0.06635173,1.044980844,0.27684328,-0.047680127,0.002397607,5.050419307,5.208513527,2.555217498,2.886370635,1.283248812,1.14943175,2.452858252,0.263061024,0.29661274,-0.990994426,5.803206936,5.851841064,3.408323064,0.030194656,-0.371606471,3.838266083,0.054169301,2.297116243,2.663084737,5.475536852,3.131036547,2.656375529,2.409255532,0.453857387,0.545375439,2.921923191,1.813870224,0.545420153,0.054167721,2.810690935,2.712464165,0.088997543,3.453406136,-1.276229969,-0.834700423,-0.447824848
111,1,Good,3.479364436,3.355755124,4.563979718,-0.059581878,0.274270132,2.864335302,2.794298405,0.099919622,-0.004702147,0.793478375,1.525448265,0.580820026,-0.057643744,-0.004374613,2.513506443,2.516720147,-0.092402581,-0.111155329,1.236780929,1.130254325,0.071303211,0.459460041,-0.164344811,-1.09855947,3.407867988,3.123334815,3.083274052,3.550145812,1.312713033,0.143244633,-0.128579773,2.314599078,2.405240186,3.319574929,2.234487983,3.670490093,4.023620563,0.449536416,0.621145873,4.389078731,2.062614496,0.621113088,-0.128593238,2.690262143,3.637252569,-0.226067779,4.209147234,-1.352069711,-0.829669352,1.569359232
112,1,Good,3.46327754,2.944374804,3.949085333,-0.277094826,0.157080075,2.570506628,2.406046809,0.658653815,4.077783827,0.6822496,2.945811879,1.810515132,-0.070875344,0.002939886,2.103143463,1.801389495,4.399629361,4.334599888,2.637867804,2.874767992,4.429781052,1.622368129,-0.518550171,-0.162790309,2.768354473,2.545574007,3.017669081,2.023404983,-0.396987841,1.638328846,-0.119828495,2.300930697,2.371329873,2.393689235,3.315130205,2.852127791,3.146092747,-0.520281542,0.345904789,2.014066637,1.877753944,0.345959041,-0.119813624,2.664326175,2.284049724,0.203021821,2.90169012,-1.228107792,-0.828544237,-0.329166961
113,1,Good,5.19037753,5.070411504,4.922668109,-0.313509889,0.224410228,5.335034219,4.937447213,1.099144957,4.21541636,6.352716612,6.08668565,1.943185952,-0.012891234,-0.024751216,4.981119599,4.31400564,4.366380401,4.176363086,4.362488925,4.626285291,4.668564106,0.603706379,0.598152519,-0.7090213,5.309161186,4.957568583,3.341807982,4.653050235,-0.248831473,-0.860375125,-0.098182712,2.25734067,2.621866407,5.193709811,3.041358574,-0.276307613,2.631022073,4.219823751,0.636577396,1.89362218,2.115555417,0.636569904,-0.098146502,2.764518304,2.378654171,0.203714895,3.083865437,-1.239679068,-0.832808116,0.442109305
114,1,Good,3.746768943,3.235305554,4.683542515,-0.149875989,0.111343812,3.161092501,2.512815998,1.318455703,3.272227933,2.83728672,2.760031143,1.635345696,-0.07159666,0.013703015,2.763528922,2.05361591,2.700221616,3.034048761,1.869721042,2.048766448,2.766779796,0.627079812,-0.435447251,-0.696020563,3.341601861,3.063830007,3.109965672,4.527645455,0.0203291,-0.848779156,-0.127600218,2.343312794,2.352623572,3.087610945,2.805156126,0.486733396,3.496626957,4.213582349,0.493639099,3.545220614,1.869988816,0.49359436,-0.127626675,2.681589287,3.072619701,-0.078011738,3.663856014,-1.309514071,-0.829294816,-0.032522243
115,1,Good,4.171084238,4.168671195,4.05156773,-0.411965792,0.191250715,3.650156175,3.613509272,-0.345994725,3.046996741,-0.190092816,1.921033108,0.679002813,-0.061958093,-0.05439548,2.749940744,2.771703135,3.07458321,3.421778067,2.122854337,2.32962918,3.150360209,0.173470587,-1.629006406,-1.222140246,4.432269694,4.297511116,3.154115651,4.846146383,-0.297380721,-1.073422636,-0.024745637,2.203563464,2.660859361,4.224850949,2.532986501,-0.296275653,3.163466163,4.650480537,0.569632232,1.16361949,3.067573191,0.569628254,-0.024768259,2.75039394,2.628936821,0.096981807,3.311954178,-1.267655583,-0.832220298,1.510030288
116,1,Poor,6.133874279,4.259447614,3.556236143,-0.24355528,0.208357272,2.982452477,3.338821268,0.781178904,4.434294877,0.351158223,3.103710945,2.102972236,-0.078136363,-0.036754211,2.376265844,2.737245974,4.536509095,4.431799374,3.510778263,3.293021488,4.546969681,0.239778114,0.641453326,0.679360323,4.471303167,4.468102744,3.122200205,0.635675238,-0.220793913,3.333386683,0.035052766,2.467217566,2.597753612,4.337602597,2.549938492,1.662556351,2.132643504,0.847065757,0.61367669,1.655381719,1.802973094,0.61372564,0.035078101,2.884947096,2.048736132,0.414472604,2.86674615,-1.196553571,-0.837652796,3.23056965
117,1,Average,3.856193264,3.536443423,4.05156773,-0.280442324,0.186407703,3.357303676,3.485386245,4.405086788,5.077896944,0.351309852,1.789705347,4.73554696,-0.071016266,-0.060905998,2.824675724,2.983959244,3.579388082,3.940832178,1.58641517,1.758144183,3.51301482,-0.092312638,-0.013839862,-1.319468276,3.726036174,3.630411906,2.976081006,0.840336745,-0.32733664,2.845673865,-0.014878335,2.249734545,2.464947989,3.494502292,2.185246799,1.317862149,1.471091089,0.385682065,0.529217005,0.877503311,1.500527777,0.529167766,-0.014860988,2.679689519,1.445782475,0.692570222,2.122396007,-1.091683553,-0.829212548,4.06117486
118,1,Average,3.255539404,2.328824235,4.017406931,-0.266707652,0.114767536,1.522094682,1.835316963,0.319520016,2.805857613,0.376005026,1.428772396,0.86267906,-0.112666352,0.018674623,1.130229906,1.383768709,2.55615208,2.882391509,1.142077301,1.178721737,2.484000941,0.46111657,0.034075845,-0.951724771,2.454952001,2.274384075,3.020029314,2.633307613,-0.269638294,1.081153899,-0.104842293,2.251029405,2.510639662,2.306214971,3.499860534,2.612838655,2.980534316,-0.255261981,0.531523827,1.557683325,2.154844381,0.53155448,-0.104831897,2.703808317,2.230460496,0.244110166,2.886393559,-1.221283854,-0.830250967,-0.091851187
119,1,Good,4.462771825,4.187997788,4.615220916,-0.1367361,0.291008523,3.723369299,3.632921851,0.798788881,0.082174616,0.993463203,1.022631829,0.903157307,-0.033240783,0.010778115,3.585613701,3.329909135,0.092050997,0.067538724,0.713274077,0.644111149,0.169580758,0.664369676,-0.712853429,-0.860037221,4.146099878,4.098145175,3.377487358,2.658932821,-0.354046105,1.049776571,0.013159094,2.247110775,2.50740042,3.47039079,4.738200866,3.712390242,3.62573528,0.432252531,0.268473897,2.947552955,3.235853726,0.268447657,0.013169339,2.699678386,3.664795636,-0.229667147,4.247017672,-1.353901737,-0.830074079,2.399964441
120,1,Good,4.633441367,4.037540407,5.195954502,-0.079214671,0.224848674,3.144497526,3.25049403,0.523999311,3.590911693,0.009551468,3.605726603,2.224619646,-0.015795723,0.077441944,2.531171075,2.744137406,3.928739989,3.728789911,4.437437788,4.154456856,4.120215238,0.142761602,0.996881337,-1.181747186,3.744191278,3.821109566,2.930996028,0.483057848,-0.380312871,3.087256554,0.07689439,1.922370928,2.704734832,3.371441699,3.316333286,2.772255631,2.51962782,-0.349363129,0.433188242,2.312669396,1.694139604,0.433244587,0.076881952,2.594943332,2.317580414,0.159108166,2.869924544,-1.232276814,-0.825457712,-0.329166961
121,1,Poor,5.410781204,5.688639349,3.214628151,-0.39808621,0.143457795,6.573800289,5.994462182,-0.088027219,3.821196148,0.706543983,1.290092027,0.321326818,-0.063868932,-0.027588652,6.464948655,5.754314949,3.839346059,4.21930274,0.746281355,0.87963248,3.608436887,-0.45310792,0.298627229,-0.811886339,6.023337564,5.76024067,2.95934929,4.011966488,-0.214743703,0.202929768,-0.052673481,2.8507136,2.48515771,5.720770622,4.694139829,4.597858252,4.81291868,0.603651051,0.56202557,4.050163441,3.75850862,0.562013499,-0.052637493,3.07005061,4.58150075,-0.315604041,5.664538292,-1.405212319,-0.844559787,4.654464295
122,1,Good,3.344828393,4.552609428,5.349678098,-0.2066848,0.187464346,4.740543646,5.051981434,2.348586401,0.58739307,0.799679951,0.246676944,1.985861792,-0.05384328,-0.004929346,4.553091986,5.052767161,0.558503238,0.644030314,0.555710354,0.511463495,0.573118456,1.422540085,-1.964982731,-0.228076609,4.705504,5.021505716,3.206128732,-0.504419752,-0.432698838,4.090762626,0.172416701,1.912715859,2.73582181,4.215232101,1.572533353,1.541111385,1.736120841,-0.487634204,0.419953908,1.043475886,0.854789688,0.41994718,0.172410598,2.60468997,1.105386095,0.93486995,1.754283747,-1.009973363,-0.825898187,2.04399078
123,1,Poor,5.04260586,2.376931553,3.983246132,-0.230727464,0.060383084,1.428381883,1.229644474,1.176685265,3.063587197,2.579502446,1.913025318,1.175871518,-0.010441171,-0.045710107,0.752478553,0.565066575,2.923819132,2.830546843,1.686792388,1.869200152,2.941464744,1.098110318,-1.147865128,0.562785911,2.495574045,2.496928474,3.002833577,0.402213718,-0.19024773,3.176954786,0.035940552,1.914853778,2.726367434,1.843566396,5.436948624,4.608987979,4.784303643,-0.758895168,0.038018527,3.493168565,2.924534589,0.038072913,0.035964117,2.601220827,3.742035976,-0.277494526,4.195891005,-1.358934194,-0.82574167,1.925332893
124,1,Good,4.219032192,5.42590367,4.939748508,-0.235091975,0.167174247,5.604458518,6.504042402,0.905516531,0.291904757,0.817522172,0.506857332,0.803485827,-0.052288774,-0.006384131,5.114283745,6.614365676,0.133427133,0.127190511,0.438160792,0.509333935,0.207799996,2.948089192,1.602798127,-0.996011234,5.240171793,5.482242781,3.331442709,-0.110290445,0.089390036,4.257767318,0.130914206,2.342073438,3.00433888,4.669960516,2.374228325,2.757197765,2.257663965,-0.793462936,0.407237609,1.883165488,1.591078911,0.407218038,0.130928934,3.013140159,2.026881307,0.484814784,2.952819758,-1.193401498,-0.84250165,2.04399078
125,1,Good,4.353519437,4.360375373,4.888507309,-0.095075876,0.282270552,4.045507048,4.052233575,0.296822232,-0.124825449,1.169199668,1.477183129,0.61594607,-0.0682681,0.030346778,3.707907304,3.520112661,-0.106541688,-0.096319166,0.85558335,0.778871281,0.010024331,0.11277461,0.895753617,-1.22935856,4.356245199,4.580867746,3.086810622,-0.376860641,-0.227877086,4.233211149,0.140132553,2.067206038,2.929415614,3.86733178,3.015208737,1.937198739,2.44570564,0.650221518,0.399475494,2.205031047,1.566010274,0.39948963,0.140111283,2.801109494,2.17717065,0.311599861,2.921136558,-1.214293933,-0.834311383,4.06117486
126,1,Average,4.729391023,3.989293647,3.897844134,-0.207681945,0.227862184,3.283114376,3.363086992,2.630914484,4.272222922,0.296684892,0.424886678,2.486629453,-0.089242475,-0.021378157,3.127692097,3.230672513,3.373286643,3.709715262,0.167413408,0.214162156,3.075276964,0.673402481,-1.525422512,-0.188753451,4.145872939,4.043964731,2.927129805,4.687292769,0.184570173,-0.528525774,-0.012912327,2.296179329,3.095431177,3.967930966,2.53856676,-0.829847873,2.386090978,4.213102241,0.579284086,1.517122846,1.638130759,0.579288764,-0.012927862,3.030568468,1.868209292,0.586155897,2.803577499,-1.169243203,-0.843137892,3.171240707
127,1,Good,4.284354286,3.282771442,3.368351747,-0.022309785,0.194829422,2.706194953,2.573965624,0.126562416,-0.141100896,2.639522535,1.738601085,0.125138468,-0.067649518,-0.034648283,2.165649082,2.005375885,-0.201074919,-0.184727719,1.729987375,2.024077221,0.16945991,0.273468062,0.395341842,-1.13567375,3.298937368,3.41754595,3.062058571,3.983733405,-0.476821103,-0.160410597,0.106343652,2.25496087,2.665960013,2.858186232,2.95680997,2.802371364,2.916831792,-0.413697588,0.347515048,1.781217634,2.092264056,0.347550183,0.106362124,2.785498355,2.305006405,0.244993214,3.031728145,-1.230722331,-0.833673456,5.129095843
128,1,Good,4.950977722,2.499165975,4.376095322,-0.304012561,0.024083787,1.487928557,1.54121638,0.117120281,3.10624462,0.693363834,2.320621847,1.013604081,0.028567319,0.108540569,0.764707913,0.716678082,3.233315081,3.194438444,2.308134428,2.139551742,3.207442189,-0.145005326,-0.492530286,-1.141626832,2.564790377,2.514922622,2.854779855,1.844028526,-0.375000491,1.550563276,-0.002130262,1.895608512,2.492689729,1.836873762,6.87035245,7.256226351,5.308572008,-0.85443664,-0.019174248,6.90545097,3.822063706,-0.019208227,-0.002134575,2.469889017,6.103554569,-0.664411757,6.141745662,-1.462628702,-0.819595586,-0.922456396
129,1,Good,4.912019542,3.316795168,3.846602935,-0.111764631,0.185326279,2.487531754,2.756443874,1.974959178,3.640735563,4.074575119,4.198230291,2.537209539,-0.078081496,0.023706152,2.137113908,2.207983989,2.705652664,3.125261521,2.747213649,2.96814406,2.9169014,0.603729911,-0.242576437,-0.287383463,3.28350553,3.339535205,2.866509596,3.824993177,0.143841928,0.07332776,0.069231568,2.001670427,3.086332355,2.848840303,3.684495374,3.529077087,4.307386352,1.13897136,0.350690668,2.513004851,3.990407782,0.350732469,0.069229995,2.839683051,3.937831255,-0.249673969,4.6906735,-1.371035443,-0.835866216,0.85741191
130,1,Good,3.213632221,2.523345131,1.677392189,0.110730433,0.261700674,1.994563381,2.123593773,0.384633183,-0.096999684,0.739786807,0.984995214,0.593296683,-0.077827922,0.037222272,1.692780482,1.640129983,-0.112333468,-0.112106965,0.468518364,0.886482374,0.096322327,0.588276722,-1.021027608,-0.189067583,2.555032009,2.64880046,2.807644126,1.716809572,-0.371901603,1.84478257,0.105037381,2.046531483,2.542983734,2.043879059,2.749412772,2.318228226,2.165687059,-0.22357486,0.187667419,2.152265216,1.310032377,0.187640334,0.105073373,2.590978598,1.980776609,0.315352684,2.554995444,-1.186617302,-0.825277879,-0.329166961
131,1,Good,3.615448692,4.193324453,4.444416921,-0.190784347,0.254966975,4.035745298,3.30776114,-0.126573436,-0.253283355,0.056511547,-0.163685913,-0.214106102,-0.049963755,-0.033457464,3.502725814,2.682114517,-0.269950166,-0.278351745,-0.045991453,-0.012829548,-0.239878522,0.449319724,0.983216567,0.22109771,4.226890088,3.936980456,3.097289601,1.757741874,-0.467524438,1.858879631,-0.101235222,2.239172097,2.382642036,4.199918509,1.964918315,1.27465262,1.46325602,-0.073781195,0.674154591,0.520426136,1.287120318,0.674189065,-0.101207285,2.63103893,1.119756391,0.937749599,1.783875433,-1.013873453,-0.827077586,2.755938102
132,1,Good,6.710981722,8.112244215,5.759607688,-0.25314477,0.181065233,8.725289982,9.418841257,0.745515781,3.245307818,3.542198408,5.358122324,2.158869079,-0.056744672,-0.025437575,7.959648253,9.862986769,2.904688054,3.236049123,3.208580969,3.507753989,3.189466821,1.391596595,-0.930747345,0.849934219,8.181071596,8.649124336,3.001031471,-0.504419752,-0.366884356,4.272773867,0.156780519,2.062936758,2.808853465,6.890848747,3.885676755,3.917962852,2.702559667,0.154750165,0.273434972,4.799373462,1.804927571,0.273448391,0.156784495,2.736930365,3.679764694,-0.221722505,4.307823924,-1.354889031,-0.831656001,0.382780362
134,1,Good,3.570792813,2.770686468,4.085728529,0.041809199,0.228362437,2.577339853,2.437106937,-0.032938009,-0.200553531,0.02061899,-0.24361822,-0.155019204,-0.075933289,-0.002936607,2.281148597,1.964027292,-0.232434696,-0.240421831,-0.075256427,-0.097846809,-0.227467369,0.673417918,-0.658496385,-0.379317999,2.828266314,2.837007464,2.971520597,0.296424695,-0.32999283,3.566329239,0.041282954,2.348967588,2.591654919,2.677846343,2.344040121,1.95127457,1.915646136,0.294941672,0.550633972,1.766094619,1.594571173,0.550648194,0.041280214,2.807056595,1.968501981,0.42217831,2.722340596,-1.184779594,-0.834553078,0.620096136
135,1,Good,4.153682432,3.356368667,4.017406931,0.026916715,0.17182578,2.385033379,2.52058103,0.987602929,0.17125644,0.223238735,0.340295293,0.986807624,-0.038634462,0.010237969,1.940085325,2.041211332,0.16650058,0.137613657,0.306701605,0.245496293,0.177580937,0.746739549,0.28950262,-0.940391641,3.045219799,3.046118789,3.17706818,2.331587795,-0.272589616,1.329671433,0.036109142,2.13414027,2.578658882,2.581772397,3.23951923,2.677980294,2.946809451,-0.034892455,0.301936094,2.245587086,1.91317503,0.301975308,0.036125211,2.664573971,2.4274533,0.142064222,3.037071912,-1.245422764,-0.828555059,5.188424786
136,1,Good,3.070060639,2.803734104,3.504994944,0.042974433,0.250411504,2.27570178,2.177948996,0.495656962,-0.089307324,0.799021032,0.816103636,0.592020661,-0.066756997,-0.012536704,2.012102669,1.809659213,-0.025760683,-0.043581366,0.425459804,0.492160801,0.061248606,0.68337238,-0.201220402,-0.918387455,2.739533246,2.844915916,3.100157839,-0.44920083,-0.13535314,4.031873293,0.109251254,1.962506303,2.669053502,2.5490189,2.84657182,2.125422068,2.268224276,-0.096346266,0.50974207,1.613504152,1.586050008,0.509733094,0.109261813,2.602129412,1.883777113,0.372203321,2.474326517,-1.171717499,-0.825782691,4.179832747
137,1,Good,3.536537813,2.518855115,4.222371726,-0.332267814,0.162832798,2.056062405,1.869288978,1.325557954,4.492046464,0.770944218,2.212589475,2.027226165,-0.02686892,0.023581635,1.603098506,1.17564746,4.461294639,4.351713737,1.715224768,1.916898873,4.335270529,0.878714667,-0.516742791,-0.202471901,2.6129014,2.746232798,3.338796864,4.566083267,-0.112332827,-0.617087146,0.132727177,1.986610019,3.180004992,2.603350771,1.722137541,2.9418203,2.020908595,-0.504918089,0.67263011,1.937390249,2.076666019,0.672597923,0.132700967,2.877926213,2.375660359,0.252016576,3.186171792,-1.239321829,-0.837378314,-0.210509074
138,1,Good,3.49501494,3.187979108,4.273612925,-0.135357198,0.186205563,3.020523302,2.306072023,0.246816112,-0.132049712,0.500098151,0.232262921,0.176179339,-0.051480713,0.01086276,2.885822525,1.684235149,-0.123745397,-0.140495166,0.213204484,0.298701121,-0.053288259,0.773217031,0.056413037,0.209715121,3.30983043,3.400589824,2.970414834,0.27510815,-0.261227026,3.183093829,0.089619266,1.964822533,2.491569138,3.178749389,1.379092117,1.344377088,1.675484214,-0.389212085,0.586033537,0.941084255,0.755636371,0.585994294,0.089608365,2.513088097,0.986831156,0.992554593,1.590782509,-0.975987658,-0.821665898,-0.447824848
139,1,Good,5.321988542,2.71108917,3.436673346,0.02911705,0.173648866,1.755400506,1.662545003,0.364738425,2.11510925,0.001390247,0.453569127,0.549663827,-0.042087871,-0.038417419,1.02831857,0.920664472,1.014811573,1.507749272,0.209688429,0.309980955,0.975361348,0.138792915,0.007933639,0.790168032,2.829627947,2.664466364,3.028239111,0.143013604,-0.188476937,3.537339316,-0.077442846,2.199546135,2.516497997,2.157446098,5.946714079,4.376900431,4.816325232,0.050086643,0.090355745,3.28900528,3.527261508,0.090353318,-0.077445944,2.67423801,4.034231988,-0.318019968,4.564384926,-1.376671776,-0.82897602,-0.566482735
140,1,Good,3.371596768,3.206469052,4.649381715,-0.244196104,0.202358993,3.068355877,3.093252133,0.427943627,3.769324722,1.383744913,3.115941025,1.463259981,-0.055463039,0.012454885,2.649388225,2.584256182,3.757483312,4.044031067,2.733247852,2.542232121,3.736538146,-0.555364822,0.538746478,-0.678561601,3.36248023,3.394186005,3.225701733,4.445780852,-0.414990905,-0.764196793,0.05435749,2.103765577,2.653258587,3.14588804,2.67063189,3.1254608,2.502595059,-0.318636224,0.523109094,2.063060266,2.408248617,0.523144154,0.054328815,2.683406457,2.65977308,0.059605815,3.274825504,-1.270862364,-0.82937343,-0.922456396
141,1,Good,3.902817011,3.011334613,3.812442136,0.082863877,0.227219303,2.309867904,2.316748942,0.888703594,0.161622425,0.084936888,-0.041385115,0.755776791,-0.061056584,0.033901196,2.200978346,1.944731282,0.128064293,0.100852812,-0.023196077,0.070752823,0.14017829,1.000959357,-1.239589605,-0.038706089,2.582491602,2.559195976,2.94775049,3.357616594,-0.158225886,0.058434898,0.017781621,1.812903467,2.63153836,1.877431321,5.630663595,5.090839702,5.08169564,-0.682077904,0.007059507,3.160731626,3.925347041,0.007045628,0.017760514,2.488391109,4.230626029,-0.408046459,4.492318873,-1.387554849,-0.820488321,0.0268067
142,1,Good,3.840464895,3.370675365,4.563979718,-0.291745191,0.167754889,2.526578754,2.718589344,0.861399147,4.468840826,0.389979892,1.975631679,1.613546991,-0.048119029,0.011893182,2.035202572,2.141826241,4.751511638,4.545192275,2.056352852,1.931834261,4.549068995,0.979064891,-0.339225441,-0.557343004,3.46755289,3.344265588,3.123283376,1.62337961,-0.155126997,2.20744082,-0.034240898,2.329067186,2.57583974,3.256306548,2.35444086,2.05766167,1.98718373,-0.659512832,0.532098481,1.406910823,1.122595256,0.532122746,-0.034272796,2.78640694,1.470631111,0.732459427,2.221024304,-1.096883048,-0.833710723,2.755938102
